{
    "当前VIP等级": 8,
    "当前公会等级": 5,
    "最佳策略": {
        "1": "0→1 使用卡片:0 成功概率：1",
        "2": "1→2 使用卡片:0 成功概率：1",
        "3": "2→3 使用卡片:0 成功概率：0.7356800000000001",
        "4": "3→4 使用卡片:3 成功概率：0.8300600000000002",
        "5": "4→5 使用卡片:3 3 3 四叶草等级：1 成功概率：0.9752600000000001",
        "6": "5→6 使用卡片:4 3 3 四叶草等级：1 成功概率：0.6737280000000001",
        "7": "6→7 使用卡片:5 5 5 四叶草等级：2 成功概率：0.7453600000000001",
        "8": "7→8 使用卡片:7 6 6 四叶草等级：3 成功概率：0.8337706666666668",
        "9": "8→9 使用卡片:8 7 7 四叶草等级：3 成功概率：0.633556",
        "10": "9→10 使用卡片:9 9 9 四叶草等级：4 成功概率：0.5445000000000002",
        "11": "10→11 使用卡片:10 10 10 四叶草等级：5 成功概率：0.605",
        "12": "11→12 使用卡片:11 11 11 四叶草等级：5 成功概率：0.5614400000000002",
        "13": "12→13 使用卡片:12 12 12 四叶草等级：6 成功概率：0.5826150000000001",
        "14": "13→14 使用卡片:13 13 13 四叶草等级：6 成功概率：0.5499450000000002",
        "15": "14→15 使用卡片:14 14 14 四叶草等级：6 成功概率：0.5172750000000002",
        "16": "15→16 使用卡片:15 15 15 四叶草等级：S 成功概率：0.5324000000000001"
    },
    "单张卡片的价值": {
        "1": {
            "价值": 2.0,
            "成本": 1.0,
            "性价比": 0
        },
        "2": {
            "价值": 3.0,
            "成本": 1.0,
            "性价比": 1.0
        },
        "3": {
            "价值": 4.359286646367986,
            "成本": 1.3592866463679858,
            "性价比": 0.5412250624000002
        },
        "4": {
            "价值": 9.611059586116902,
            "成本": 5.251772939748915,
            "性价比": 0.15805329162606277
        },
        "5": {
            "价值": 27.122143747370266,
            "成本": 17.511084161253365,
            "性价比": 0.05569386743957008
        },
        "6": {
            "价值": 60.26553823127604,
            "成本": 33.14339448390577,
            "性价比": 0.020327670429990456
        },
        "7": {
            "价值": 138.20696409996074,
            "成本": 77.9414258686847,
            "性价比": 0.009563078833787037
        },
        "8": {
            "价值": 319.7644283365123,
            "成本": 181.55746423655157,
            "性价比": 0.004592323814240682
        },
        "9": {
            "价值": 708.5939853975353,
            "成本": 388.82955706102297,
            "性价比": 0.0016293925924478257
        },
        "10": {
            "价值": 1780.7101474348854,
            "成本": 1072.11616203735,
            "性价比": 0.0005078740711876622
        },
        "11": {
            "价值": 4428.79777518155,
            "成本": 2648.0876277466646,
            "性价比": 0.00022846675980840264
        },
        "12": {
            "价值": 10033.371098733463,
            "成本": 5604.573323551913,
            "性价比": 0.00010017533317668972
        },
        "13": {
            "价值": 23296.741331592304,
            "成本": 13263.37023285884,
            "性价比": 4.3926618180092896e-05
        },
        "14": {
            "价值": 49683.45205229831,
            "成本": 26386.710720706,
            "性价比": 2.084174135309905e-05
        },
        "15": {
            "价值": 102481.85584024235,
            "成本": 52798.40378794404,
            "性价比": 9.797171181112762e-06
        },
        "16": {
            "价值": 210500.8308695769,
            "成本": 108018.97502933454,
            "性价比": 4.928763671895767e-06
        }
    }
}