{
    "当前VIP等级": 13,
    "当前公会等级": 2,
    "最佳策略": {
        "1": "0→1 使用卡片:0 成功概率：1",
        "2": "1→2 使用卡片:0 成功概率：1",
        "3": "2→3 使用卡片:0 成功概率：0.74176",
        "4": "3→4 使用卡片:3 成功概率：0.83692",
        "5": "4→5 使用卡片:3 3 3 四叶草等级：1 成功概率：0.9833199999999999",
        "6": "5→6 使用卡片:4 3 3 四叶草等级：1 成功概率：0.6792959999999999",
        "7": "6→7 使用卡片:5 5 5 四叶草等级：2 成功概率：0.75152",
        "8": "7→8 使用卡片:7 6 6 四叶草等级：3 成功概率：0.8406613333333333",
        "9": "8→9 使用卡片:8 7 7 四叶草等级：3 成功概率：0.6387919999999999",
        "10": "9→10 使用卡片:9 9 9 四叶草等级：4 成功概率：0.549",
        "11": "10→11 使用卡片:10 10 10 四叶草等级：5 成功概率：0.6099999999999999",
        "12": "11→12 使用卡片:11 11 11 四叶草等级：5 成功概率：0.56608",
        "13": "12→13 使用卡片:12 12 12 四叶草等级：6 成功概率：0.58743",
        "14": "13→14 使用卡片:13 13 13 四叶草等级：6 成功概率：0.5544900000000001",
        "15": "14→15 使用卡片:14 14 14 四叶草等级：6 成功概率：0.5215500000000001",
        "16": "15→16 使用卡片:15 15 15 四叶草等级：S 成功概率：0.5367999999999999"
    },
    "单张卡片的价值": {
        "1": {
            "价值": 2.0,
            "成本": 1.0,
            "性价比": 0
        },
        "2": {
            "价值": 3.0,
            "成本": 1.0,
            "性价比": 1.0
        },
        "3": {
            "价值": 4.348144952545297,
            "成本": 1.3481449525452978,
            "性价比": 0.5502078976
        },
        "4": {
            "价值": 9.54355783853834,
            "成本": 5.195412885993043,
            "性价比": 0.1610882558066475
        },
        "5": {
            "价值": 26.877116453878102,
            "成本": 17.33355861533976,
            "性价比": 0.056729262687569906
        },
        "6": {
            "价值": 59.61666996755835,
            "成本": 32.73955351368025,
            "性价比": 0.02074848087699655
        },
        "7": {
            "价值": 136.33562487877066,
            "成本": 76.7189549112123,
            "性价比": 0.009795753876857974
        },
        "8": {
            "价值": 314.7202685678094,
            "成本": 178.38464368903874,
            "性价比": 0.004712632858682497
        },
        "9": {
            "价值": 695.3513315058108,
            "成本": 380.6310629380014,
            "性价比": 0.0016782445317765585
        },
        "10": {
            "价值": 1741.9545913329518,
            "成本": 1046.603259827141,
            "性价比": 0.0005245540703653779
        },
        "11": {
            "价值": 4326.746381380599,
            "成本": 2584.791790047647,
            "性价比": 0.0002359957975527133
        },
        "12": {
            "价值": 9774.052873287474,
            "成本": 5447.306491906875,
            "性价比": 0.00010391924905290927
        },
        "13": {
            "价值": 22673.502574000653,
            "成本": 12899.449700713178,
            "性价比": 4.553915195060782e-05
        },
        "14": {
            "价值": 48231.4474368634,
            "成本": 25557.944862862743,
            "性价比": 2.1695406378535076e-05
        },
        "15": {
            "价值": 99162.90641728544,
            "成本": 50931.45898042205,
            "性价比": 1.024023286276725e-05
        },
        "16": {
            "价值": 203312.21378036228,
            "成本": 104149.30736307685,
            "性价比": 5.1541389337199475e-06
        }
    }
}