{
    "当前VIP等级": 3,
    "当前公会等级": 2,
    "最佳策略": {
        "1": "0→1 使用卡片:0 成功概率：1",
        "2": "1→2 使用卡片:0 成功概率：0.9064",
        "3": "2→3 使用卡片:0 成功概率：0.62624",
        "4": "3→4 使用卡片:3 1 1 成功概率：1",
        "5": "4→5 使用卡片:3 3 3 四叶草等级：1 成功概率：0.8301799999999999",
        "6": "5→6 使用卡片:4 3 3 四叶草等级：1 成功概率：0.573504",
        "7": "6→7 使用卡片:5 5 5 四叶草等级：2 成功概率：0.63448",
        "8": "7→8 使用卡片:6 6 6 四叶草等级：3 成功概率：0.6186866666666667",
        "9": "8→9 使用卡片:8 8 8 四叶草等级：4 成功概率：0.7553333333333334",
        "10": "9→10 使用卡片:9 9 9 四叶草等级：5 成功概率：0.5562",
        "11": "10→11 使用卡片:10 10 10 四叶草等级：5 成功概率：0.5149999999999999",
        "12": "11→12 使用卡片:11 11 11 四叶草等级：5 成功概率：0.47792",
        "13": "12→13 使用卡片:12 12 12 四叶草等级：6 成功概率：0.4959450000000001",
        "14": "13→14 使用卡片:13 13 13 四叶草等级：6 成功概率：0.46813500000000013",
        "15": "14→15 使用卡片:14 14 14 四叶草等级：S 成功概率：0.48925000000000013",
        "16": "15→16 使用卡片:15 15 15 四叶草等级：S 成功概率：0.4532"
    },
    "单张卡片的价值": {
        "1": {
            "价值": 2.0,
            "成本": 1.0,
            "性价比": 0
        },
        "2": {
            "价值": 3.1032656663724625,
            "成本": 1.1032656663724625,
            "性价比": 0.82156096
        },
        "3": {
            "价值": 4.700097551911552,
            "成本": 1.5968318855390904,
            "性价比": 0.39217653760000004
        },
        "4": {
            "价值": 13.400195103823105,
            "成本": 8.700097551911552,
            "性价比": 0.11494123991521035
        },
        "5": {
            "价值": 35.20304828715041,
            "成本": 21.8028531833273,
            "性价比": 0.0380766679030266
        },
        "6": {
            "价值": 81.93400431822641,
            "成本": 46.730956031076,
            "性价比": 0.0122724645226308
        },
        "7": {
            "价值": 196.29382734036392,
            "成本": 114.35982302213752,
            "性价比": 0.005548102325037516
        },
        "8": {
            "价值": 431.62516096308855,
            "成本": 235.33133362272466,
            "性价比": 0.0026290025095362973
        },
        "9": {
            "价值": 1249.1146171760856,
            "成本": 817.4894562129971,
            "性价比": 0.0009239670647648465
        },
        "10": {
            "价值": 3637.366160237412,
            "成本": 2388.251543061326,
            "性价比": 0.0002328900410913365
        },
        "11": {
            "价值": 9108.221503014065,
            "成本": 5470.855342776654,
            "性价比": 9.413518869219801e-05
        },
        "12": {
            "价值": 21738.668572791903,
            "成本": 12630.447069777838,
            "性价比": 3.783872394695894e-05
        },
        "13": {
            "价值": 50964.48859406826,
            "成本": 29225.82002127636,
            "性价比": 1.6969412650832476e-05
        },
        "14": {
            "价值": 114168.32296117923,
            "成本": 63203.834367110976,
            "性价比": 7.4067499968578e-06
        },
        "15": {
            "价值": 251927.95090573374,
            "成本": 137759.62794455452,
            "性价比": 3.55147590988641e-06
        },
        "16": {
            "价值": 537987.7582799458,
            "成本": 286059.8073742121,
            "性价比": 1.5842840843668113e-06
        }
    }
}