{
    "当前VIP等级": 0,
    "当前公会等级": 5,
    "最佳策略": {
        "1": "0→1 使用卡片:0 成功概率：1",
        "2": "1→2 使用卡片:0 成功概率：0.9856000000000001",
        "3": "2→3 使用卡片:0 成功概率：0.68096",
        "4": "3→4 使用卡片:3 1 成功概率：0.9284800000000002",
        "5": "4→5 使用卡片:3 3 3 四叶草等级：1 成功概率：0.90272",
        "6": "5→6 使用卡片:4 3 3 四叶草等级：1 成功概率：0.6236160000000001",
        "7": "6→7 使用卡片:5 5 5 四叶草等级：2 成功概率：0.6899200000000001",
        "8": "7→8 使用卡片:6 6 6 四叶草等级：3 成功概率：0.6727466666666667",
        "9": "8→9 使用卡片:8 8 8 四叶草等级：4 成功概率：0.8213333333333335",
        "10": "9→10 使用卡片:9 9 9 四叶草等级：4 成功概率：0.5040000000000001",
        "11": "10→11 使用卡片:10 10 10 四叶草等级：5 成功概率：0.5599999999999999",
        "12": "11→12 使用卡片:11 11 11 四叶草等级：5 成功概率：0.51968",
        "13": "12→13 使用卡片:12 12 12 四叶草等级：6 成功概率：0.5392800000000001",
        "14": "13→14 使用卡片:13 13 13 四叶草等级：6 成功概率：0.5090400000000002",
        "15": "14→15 使用卡片:14 14 14 四叶草等级：S 成功概率：0.5320000000000001",
        "16": "15→16 使用卡片:15 15 15 四叶草等级：S 成功概率：0.49280000000000007"
    },
    "单张卡片的价值": {
        "1": {
            "价值": 2.0,
            "成本": 1.0,
            "性价比": 0
        },
        "2": {
            "价值": 3.0146103896103895,
            "成本": 1.0146103896103895,
            "性价比": 0.9714073600000003
        },
        "3": {
            "价值": 4.483125427204374,
            "成本": 1.468515037593985,
            "性价比": 0.4637065216
        },
        "4": {
            "价值": 11.465640319506171,
            "成本": 6.982514892301798,
            "性价比": 0.13297214747420685
        },
        "5": {
            "价值": 30.795417306404794,
            "成本": 19.329776986898622,
            "性价比": 0.04670100439399003
        },
        "6": {
            "价值": 69.9731984632624,
            "成本": 39.17778115685761,
            "性价比": 0.015917593635617195
        },
        "7": {
            "价值": 163.70795168554014,
            "成本": 93.73475322227772,
            "性价比": 0.007360343696259163
        },
        "8": {
            "价值": 356.29308770310064,
            "成本": 192.5851360175605,
            "性价比": 0.003493242939607362
        },
        "9": {
            "价值": 1007.8459608394407,
            "成本": 651.55287313634,
            "性价比": 0.0012605781774543202
        },
        "10": {
            "价值": 2577.805543871163,
            "成本": 1569.9595830317223,
            "性价比": 0.00032102737258161404
        },
        "11": {
            "价值": 6370.456862871641,
            "成本": 3792.651319000478,
            "性价比": 0.00014765396365189282
        },
        "12": {
            "价值": 14732.67134206695,
            "成本": 8362.214479195309,
            "性价比": 6.214621752323298e-05
        },
        "13": {
            "价值": 34099.5224478704,
            "成本": 19366.85110580345,
            "性价比": 2.784551794475252e-05
        },
        "14": {
            "价值": 74170.7992288422,
            "成本": 40071.27678097179,
            "性价比": 1.2703363628326472e-05
        },
        "15": {
            "价值": 162130.20142131945,
            "成本": 87959.40219247727,
            "性价比": 6.048244834996155e-06
        },
        "16": {
            "价值": 337251.36958143,
            "成本": 175121.16816011054,
            "性价比": 2.814051580271785e-06
        }
    }
}