{
    "当前VIP等级": 12,
    "当前公会等级": 0,
    "最佳策略": {
        "1": "0→1 使用卡片:0 成功概率：1",
        "2": "1→2 使用卡片:0 成功概率：1",
        "3": "2→3 使用卡片:0 成功概率：0.71136",
        "4": "3→4 使用卡片:3 1 成功概率：0.9699300000000001",
        "5": "4→5 使用卡片:3 3 3 四叶草等级：1 成功概率：0.9430199999999999",
        "6": "5→6 使用卡片:4 3 3 四叶草等级：1 成功概率：0.6514559999999999",
        "7": "6→7 使用卡片:5 5 5 四叶草等级：2 成功概率：0.7207199999999999",
        "8": "7→8 使用卡片:7 6 6 四叶草等级：3 成功概率：0.8062079999999999",
        "9": "8→9 使用卡片:8 7 7 四叶草等级：3 成功概率：0.6126119999999999",
        "10": "9→10 使用卡片:9 9 9 四叶草等级：4 成功概率：0.5265000000000001",
        "11": "10→11 使用卡片:10 10 10 四叶草等级：5 成功概率：0.5849999999999999",
        "12": "11→12 使用卡片:11 11 11 四叶草等级：5 成功概率：0.54288",
        "13": "12→13 使用卡片:12 12 12 四叶草等级：6 成功概率：0.563355",
        "14": "13→14 使用卡片:13 13 13 四叶草等级：6 成功概率：0.5317650000000002",
        "15": "14→15 使用卡片:14 14 14 四叶草等级：S 成功概率：0.5557500000000001",
        "16": "15→16 使用卡片:15 15 15 四叶草等级：S 成功概率：0.5147999999999999"
    },
    "单张卡片的价值": {
        "1": {
            "价值": 2.0,
            "成本": 1.0,
            "性价比": 0
        },
        "2": {
            "价值": 3.0,
            "成本": 1.0,
            "性价比": 1.0
        },
        "3": {
            "价值": 4.405757984705353,
            "成本": 1.4057579847053532,
            "性价比": 0.5060330496
        },
        "4": {
            "价值": 11.010108798377837,
            "成本": 6.604350813672484,
            "性价比": 0.14686227721156603
        },
        "5": {
            "价值": 29.267700317238585,
            "成本": 18.257591518860746,
            "性价比": 0.051650843377990266
        },
        "6": {
            "价值": 65.8344442996235,
            "成本": 36.566743982384914,
            "性价比": 0.017815532066891765
        },
        "7": {
            "价值": 151.7692165917875,
            "成本": 85.93477229216401,
            "性价比": 0.008386826202898066
        },
        "8": {
            "价值": 353.22516974085164,
            "成本": 201.45595314906413,
            "性价比": 0.0040019070541115215
        },
        "9": {
            "价值": 791.3780557721848,
            "成本": 438.1528860313332,
            "性价比": 0.0013981694963802905
        },
        "10": {
            "价值": 2009.1696064901653,
            "成本": 1217.7915507179805,
            "性价比": 0.0004323400007904377
        },
        "11": {
            "价值": 5003.436828451395,
            "成本": 2994.267221961229,
            "性价比": 0.00019537334400529155
        },
        "12": {
            "价值": 11453.28177957178,
            "成本": 6449.844951120385,
            "性价比": 8.41694651753912e-05
        },
        "13": {
            "价值": 26627.202997018976,
            "成本": 15173.921217447196,
            "性价比": 3.712652727841016e-05
        },
        "14": {
            "价值": 57328.870489827365,
            "成本": 30701.66749280839,
            "性价比": 1.7320394735059967e-05
        },
        "15": {
            "价值": 125917.94566176157,
            "成本": 68589.07517193421,
            "性价比": 8.102602325616515e-06
        },
        "16": {
            "价值": 259603.2159595397,
            "成本": 133685.27029777813,
            "性价比": 3.850835614524362e-06
        }
    }
}