{
    "当前VIP等级": 6,
    "当前公会等级": 6,
    "最佳策略": {
        "1": "0→1 使用卡片:0 成功概率：1",
        "2": "1→2 使用卡片:0 成功概率：1",
        "3": "2→3 使用卡片:0 成功概率：0.74784",
        "4": "3→4 使用卡片:3 成功概率：0.8437800000000001",
        "5": "4→5 使用卡片:3 3 3 四叶草等级：1 成功概率：0.9913799999999999",
        "6": "5→6 使用卡片:4 3 3 四叶草等级：1 成功概率：0.6848639999999999",
        "7": "6→7 使用卡片:5 5 5 四叶草等级：2 成功概率：0.75768",
        "8": "7→8 使用卡片:7 6 6 四叶草等级：3 成功概率：0.8475519999999999",
        "9": "8→9 使用卡片:8 7 7 四叶草等级：3 成功概率：0.6440279999999999",
        "10": "9→10 使用卡片:9 9 9 四叶草等级：4 成功概率：0.5535000000000001",
        "11": "10→11 使用卡片:10 10 10 四叶草等级：5 成功概率：0.6149999999999999",
        "12": "11→12 使用卡片:11 11 11 四叶草等级：5 成功概率：0.57072",
        "13": "12→13 使用卡片:12 12 12 四叶草等级：6 成功概率：0.592245",
        "14": "13→14 使用卡片:13 13 13 四叶草等级：6 成功概率：0.5590350000000002",
        "15": "14→15 使用卡片:14 14 14 四叶草等级：6 成功概率：0.5258250000000001",
        "16": "15→16 使用卡片:15 15 15 四叶草等级：S 成功概率：0.5412"
    },
    "单张卡片的价值": {
        "1": {
            "价值": 2.0,
            "成本": 1.0,
            "性价比": 0
        },
        "2": {
            "价值": 3.0,
            "成本": 1.0,
            "性价比": 1.0
        },
        "3": {
            "价值": 4.337184424475824,
            "成本": 1.3371844244758238,
            "性价比": 0.5592646656
        },
        "4": {
            "价值": 9.477368387684034,
            "成本": 5.1401839632082105,
            "性价比": 0.16415365793121547
        },
        "5": {
            "价值": 26.636836274294087,
            "成本": 17.159467886610052,
            "性价比": 0.05777451879924538
        },
        "6": {
            "价值": 58.9815605358054,
            "成本": 32.34472426151132,
            "性价比": 0.021173901328166694
        },
        "7": {
            "价值": 134.50913683323935,
            "成本": 75.52757629743395,
            "性价比": 0.010031832572201077
        },
        "8": {
            "价值": 309.81070823660684,
            "成本": 175.30157140336746,
            "性价比": 0.004834822604355267
        },
        "9": {
            "价值": 682.5034711086125,
            "成本": 372.69276287200574,
            "性价比": 0.001728039994758844
        },
        "10": {
            "价值": 1704.5032309559701,
            "成本": 1021.9997598473577,
            "性价比": 0.0005415852544649021
        },
        "11": {
            "价值": 4228.416591915175,
            "成本": 2523.913360959205,
            "性价比": 0.0002436692199950442
        },
        "12": {
            "价值": 9525.040321531105,
            "成本": 5296.62372961593,
            "性价比": 0.00010775166013942701
        },
        "13": {
            "价值": 22076.546624097035,
            "成本": 12551.506302565927,
            "性价比": 4.718517329501132e-05
        },
        "14": {
            "价值": 46844.82065684009,
            "成本": 24768.274032743055,
            "性价比": 2.2570607837307094e-05
        },
        "15": {
            "价值": 96003.74151785037,
            "成本": 49158.92086101028,
            "性价比": 1.0696430897795622e-05
        },
        "16": {
            "价值": 196488.8064126359,
            "成本": 100485.06489478554,
            "性价比": 5.385875011044397e-06
        }
    }
}