{
    "当前VIP等级": 9,
    "当前公会等级": 5,
    "最佳策略": {
        "1": "0→1 使用卡片:0 成功概率：1",
        "2": "1→2 使用卡片:0 成功概率：1",
        "3": "2→3 使用卡片:0 成功概率：0.7478400000000001",
        "4": "3→4 使用卡片:3 成功概率：0.8437800000000002",
        "5": "4→5 使用卡片:3 3 3 四叶草等级：1 成功概率：0.99138",
        "6": "5→6 使用卡片:4 3 3 四叶草等级：1 成功概率：0.684864",
        "7": "6→7 使用卡片:5 5 5 四叶草等级：2 成功概率：0.7576800000000001",
        "8": "7→8 使用卡片:7 6 6 四叶草等级：3 成功概率：0.8475520000000001",
        "9": "8→9 使用卡片:8 7 7 四叶草等级：3 成功概率：0.644028",
        "10": "9→10 使用卡片:9 9 9 四叶草等级：4 成功概率：0.5535000000000002",
        "11": "10→11 使用卡片:10 10 10 四叶草等级：5 成功概率：0.615",
        "12": "11→12 使用卡片:11 11 11 四叶草等级：5 成功概率：0.5707200000000001",
        "13": "12→13 使用卡片:12 12 12 四叶草等级：6 成功概率：0.5922450000000001",
        "14": "13→14 使用卡片:13 13 13 四叶草等级：6 成功概率：0.5590350000000003",
        "15": "14→15 使用卡片:14 14 14 四叶草等级：6 成功概率：0.5258250000000002",
        "16": "15→16 使用卡片:15 15 15 四叶草等级：S 成功概率：0.5412000000000001"
    },
    "单张卡片的价值": {
        "1": {
            "价值": 2.0,
            "成本": 1.0,
            "性价比": 0
        },
        "2": {
            "价值": 3.0,
            "成本": 1.0,
            "性价比": 1.0
        },
        "3": {
            "价值": 4.337184424475824,
            "成本": 1.3371844244758235,
            "性价比": 0.5592646656000001
        },
        "4": {
            "价值": 9.477368387684034,
            "成本": 5.14018396320821,
            "性价比": 0.16415365793121553
        },
        "5": {
            "价值": 26.636836274294087,
            "成本": 17.159467886610052,
            "性价比": 0.05777451879924539
        },
        "6": {
            "价值": 58.9815605358054,
            "成本": 32.34472426151131,
            "性价比": 0.0211739013281667
        },
        "7": {
            "价值": 134.50913683323932,
            "成本": 75.52757629743394,
            "性价比": 0.01003183257220108
        },
        "8": {
            "价值": 309.81070823660673,
            "成本": 175.30157140336738,
            "性价比": 0.004834822604355271
        },
        "9": {
            "价值": 682.5034711086123,
            "成本": 372.6927628720056,
            "性价比": 0.0017280399947588452
        },
        "10": {
            "价值": 1704.5032309559697,
            "成本": 1021.9997598473573,
            "性价比": 0.0005415852544649025
        },
        "11": {
            "价值": 4228.416591915174,
            "成本": 2523.913360959204,
            "性价比": 0.0002436692199950443
        },
        "12": {
            "价值": 9525.040321531102,
            "成本": 5296.623729615928,
            "性价比": 0.00010775166013942707
        },
        "13": {
            "价值": 22076.546624097024,
            "成本": 12551.506302565922,
            "性价比": 4.7185173295011346e-05
        },
        "14": {
            "价值": 46844.820656840064,
            "成本": 24768.274032743044,
            "性价比": 2.2570607837307108e-05
        },
        "15": {
            "价值": 96003.74151785031,
            "成本": 49158.92086101025,
            "性价比": 1.069643089779563e-05
        },
        "16": {
            "价值": 196488.80641263578,
            "成本": 100485.06489478546,
            "性价比": 5.385875011044402e-06
        }
    }
}