{
    "当前VIP等级": 5,
    "当前公会等级": 1,
    "最佳策略": {
        "1": "0→1 使用卡片:0 成功概率：1",
        "2": "1→2 使用卡片:0 成功概率：0.9328000000000001",
        "3": "2→3 使用卡片:0 成功概率：0.64448",
        "4": "3→4 使用卡片:3 1 成功概率：0.8787400000000001",
        "5": "4→5 使用卡片:3 3 3 四叶草等级：1 成功概率：0.85436",
        "6": "5→6 使用卡片:4 3 3 四叶草等级：1 成功概率：0.590208",
        "7": "6→7 使用卡片:5 4 4 四叶草等级：2 成功概率：0.5223679999999999",
        "8": "7→8 使用卡片:7 6 6 四叶草等级：3 成功概率：0.7304106666666667",
        "9": "8→9 使用卡片:8 7 7 四叶草等级：3 成功概率：0.555016",
        "10": "9→10 使用卡片:9 9 9 四叶草等级：4 成功概率：0.4770000000000001",
        "11": "10→11 使用卡片:10 10 10 四叶草等级：5 成功概率：0.5299999999999999",
        "12": "11→12 使用卡片:11 11 11 四叶草等级：5 成功概率：0.49184000000000005",
        "13": "12→13 使用卡片:12 12 12 四叶草等级：6 成功概率：0.5103900000000001",
        "14": "13→14 使用卡片:13 13 13 四叶草等级：6 成功概率：0.48177000000000014",
        "15": "14→15 使用卡片:14 14 14 四叶草等级：S 成功概率：0.5035000000000002",
        "16": "15→16 使用卡片:15 15 15 四叶草等级：S 成功概率：0.46640000000000004"
    },
    "单张卡片的价值": {
        "1": {
            "价值": 2.0,
            "成本": 1.0,
            "性价比": 0
        },
        "2": {
            "价值": 3.0720411663807887,
            "成本": 1.072041166380789,
            "性价比": 0.8701158400000001
        },
        "3": {
            "价值": 4.6236796966687725,
            "成本": 1.551638530287984,
            "性价比": 0.41535447040000006
        },
        "4": {
            "价值": 12.161381060745487,
            "成本": 7.537701364076715,
            "性价比": 0.1165793068146626
        },
        "5": {
            "价值": 33.0788386781507,
            "成本": 20.917457617405212,
            "性价比": 0.04084435191058283
        },
        "6": {
            "价值": 76.12932334471408,
            "成本": 43.05048466656338,
            "性价比": 0.01370967143741369
        },
        "7": {
            "价值": 159.96987822034254,
            "成本": 83.84055487562846,
            "性价比": 0.0062304931160689
        },
        "8": {
            "价值": 399.9464346728237,
            "成本": 239.9765564524812,
            "性价比": 0.0030436750883676357
        },
        "9": {
            "价值": 925.0025360221064,
            "成本": 525.0561013492827,
            "性价比": 0.0010570603761649977
        },
        "10": {
            "价值": 2463.406045512599,
            "成本": 1538.4035094904925,
            "性价比": 0.00031006169516473533
        },
        "11": {
            "价值": 6329.438026923886,
            "成本": 3866.031981411287,
            "性价比": 0.00013709146808623258
        },
        "12": {
            "价值": 15113.483695004743,
            "成本": 8784.045668080857,
            "性价比": 5.5992422920480736e-05
        },
        "13": {
            "价值": 36007.91200003916,
            "成本": 20894.42830503442,
            "性价比": 2.4427086137457225e-05
        },
        "14": {
            "价值": 80505.91081038612,
            "成本": 44497.99881034696,
            "性价比": 1.0826779021082088e-05
        },
        "15": {
            "价值": 179925.76886515718,
            "成本": 99419.85805477106,
            "性价比": 5.0643805961040365e-06
        },
        "16": {
            "价值": 383375.77105978597,
            "成本": 203450.00219462876,
            "性价比": 2.292455123956314e-06
        }
    }
}