{
    "当前VIP等级": 7,
    "当前公会等级": 6,
    "最佳策略": {
        "1": "0→1 使用卡片:0 成功概率：1",
        "2": "1→2 使用卡片:0 成功概率：1",
        "3": "2→3 使用卡片:0 成功概率：0.7539199999999999",
        "4": "3→4 使用卡片:3 成功概率：0.8506400000000001",
        "5": "4→5 使用卡片:3 3 3 四叶草等级：1 成功概率：0.9994399999999999",
        "6": "5→6 使用卡片:4 3 3 四叶草等级：1 成功概率：0.6904319999999999",
        "7": "6→7 使用卡片:5 5 5 四叶草等级：2 成功概率：0.76384",
        "8": "7→8 使用卡片:7 6 6 四叶草等级：3 成功概率：0.8544426666666666",
        "9": "8→9 使用卡片:8 7 7 四叶草等级：3 成功概率：0.649264",
        "10": "9→10 使用卡片:9 9 9 四叶草等级：4 成功概率：0.558",
        "11": "10→11 使用卡片:10 10 10 四叶草等级：5 成功概率：0.6199999999999999",
        "12": "11→12 使用卡片:11 11 11 四叶草等级：5 成功概率：0.57536",
        "13": "12→13 使用卡片:12 12 12 四叶草等级：5 成功概率：0.53072",
        "14": "13→14 使用卡片:13 13 13 四叶草等级：6 成功概率：0.5635800000000002",
        "15": "14→15 使用卡片:14 14 14 四叶草等级：6 成功概率：0.5301000000000001",
        "16": "15→16 使用卡片:15 15 15 四叶草等级：S 成功概率：0.5456"
    },
    "单张卡片的价值": {
        "1": {
            "价值": 2.0,
            "成本": 1.0,
            "性价比": 0
        },
        "2": {
            "价值": 3.0,
            "成本": 1.0,
            "性价比": 1.0
        },
        "3": {
            "价值": 4.326400679117148,
            "成本": 1.3264006791171479,
            "性价比": 0.5683953663999999
        },
        "4": {
            "价值": 9.41245433179883,
            "成本": 5.0860536526816835,
            "性价比": 0.16724951368758956
        },
        "5": {
            "价值": 26.40117004995244,
            "成本": 16.98871571815361,
            "性价比": 0.058829638248171376
        },
        "6": {
            "价值": 58.35979260805104,
            "成本": 31.958622558098593,
            "性价比": 0.021603934861236327
        },
        "7": {
            "价值": 132.7260183589799,
            "成本": 74.36622575092888,
            "性价比": 0.010271329387594464
        },
        "8": {
            "价值": 305.03088297160934,
            "成本": 172.30486461262947,
            "性价比": 0.004958900426796414
        },
        "9": {
            "价值": 670.0348525453171,
            "成本": 365.00396957370776,
            "性价比": 0.0017787861341844657
        },
        "10": {
            "价值": 1668.299188501774,
            "成本": 998.2643359564571,
            "性价比": 0.0005589701844505634
        },
        "11": {
            "价值": 4133.63298983536,
            "成本": 2465.333801333585,
            "性价比": 0.00025148724268682
        },
        "12": {
            "价值": 9285.810458922468,
            "成本": 5152.177469087109,
            "性价比": 0.00011167317186803844
        },
        "13": {
            "价值": 20127.0001494119,
            "成本": 10841.18969048943,
            "性价比": 4.8954036886337374e-05
        },
        "14": {
            "价值": 42810.53526657484,
            "成本": 22683.535117162945,
            "性价比": 2.4845333722854384e-05
        },
        "15": {
            "价值": 87652.54710324311,
            "成本": 44842.011836668265,
            "性价比": 1.1821503502805066e-05
        },
        "16": {
            "价值": 179939.3032929087,
            "成本": 92286.7561896656,
            "性价比": 5.912007556953194e-06
        }
    }
}