{
    "当前VIP等级": 13,
    "当前公会等级": 1,
    "最佳策略": {
        "1": "0→1 使用卡片:0 成功概率：1",
        "2": "1→2 使用卡片:0 成功概率：1",
        "3": "2→3 使用卡片:0 成功概率：0.7295999999999999",
        "4": "3→4 使用卡片:3 1 成功概率：0.9948",
        "5": "4→5 使用卡片:3 3 3 四叶草等级：1 成功概率：0.9671999999999998",
        "6": "5→6 使用卡片:4 3 3 四叶草等级：1 成功概率：0.66816",
        "7": "6→7 使用卡片:5 5 5 四叶草等级：2 成功概率：0.7392",
        "8": "7→8 使用卡片:7 6 6 四叶草等级：3 成功概率：0.82688",
        "9": "8→9 使用卡片:8 7 7 四叶草等级：3 成功概率：0.6283199999999999",
        "10": "9→10 使用卡片:9 9 9 四叶草等级：4 成功概率：0.54",
        "11": "10→11 使用卡片:10 10 10 四叶草等级：5 成功概率：0.5999999999999999",
        "12": "11→12 使用卡片:11 11 11 四叶草等级：5 成功概率：0.5568",
        "13": "12→13 使用卡片:12 12 12 四叶草等级：6 成功概率：0.5778",
        "14": "13→14 使用卡片:13 13 13 四叶草等级：6 成功概率：0.5454000000000001",
        "15": "14→15 使用卡片:14 14 14 四叶草等级：6 成功概率：0.5130000000000001",
        "16": "15→16 使用卡片:15 15 15 四叶草等级：S 成功概率：0.528"
    },
    "单张卡片的价值": {
        "1": {
            "价值": 2.0,
            "成本": 1.0,
            "性价比": 0
        },
        "2": {
            "价值": 3.0,
            "成本": 1.0,
            "性价比": 1.0
        },
        "3": {
            "价值": 4.370614035087719,
            "成本": 1.3706140350877194,
            "性价比": 0.5323161599999999
        },
        "4": {
            "价值": 10.774528425002998,
            "成本": 6.403914389915278,
            "性价比": 0.15534248889500862
        },
        "5": {
            "价值": 28.46667286799634,
            "成本": 17.692144442993342,
            "性价比": 0.054668330519031125
        },
        "6": {
            "价值": 63.66147126236062,
            "成本": 35.19479839436428,
            "性价比": 0.01898462359446253
        },
        "7": {
            "价值": 145.50818627888043,
            "成本": 81.84671501651981,
            "性价比": 0.009031517023631322
        },
        "8": {
            "价值": 336.1952168353413,
            "成本": 190.68703055646088,
            "性价比": 0.0043363200821105
        },
        "9": {
            "价值": 746.2590795926862,
            "成本": 410.0638627573449,
            "性价比": 0.0015322491374271815
        },
        "10": {
            "价值": 1875.6722301474379,
            "成本": 1129.4131505547516,
            "性价比": 0.00047812441331567614
        },
        "11": {
            "价值": 4649.433483650836,
            "成本": 2773.761253503398,
            "性价比": 0.0002163127771873553
        },
        "12": {
            "价值": 10545.414253685298,
            "成本": 5895.980770034462,
            "性价比": 9.443721438676698e-05
        },
        "13": {
            "价值": 24431.631305551113,
            "成本": 13886.217051865813,
            "性价比": 4.1609604533897464e-05
        },
        "14": {
            "价值": 52172.12083888799,
            "成本": 27740.48953333688,
            "性价比": 1.9660792191304724e-05
        },
        "15": {
            "价值": 107909.5825095492,
            "成本": 55737.461670661214,
            "性价比": 9.203863696398474e-06
        },
        "16": {
            "价值": 221790.44973671492,
            "成本": 113880.86722716571,
            "性价比": 4.636424123349565e-06
        }
    }
}