{
    "当前VIP等级": 4,
    "当前公会等级": 1,
    "最佳策略": {
        "1": "0→1 使用卡片:0 成功概率：1",
        "2": "1→2 使用卡片:0 成功概率：0.924",
        "3": "2→3 使用卡片:0 成功概率：0.6384",
        "4": "3→4 使用卡片:3 1 1 成功概率：1",
        "5": "4→5 使用卡片:3 3 3 四叶草等级：1 成功概率：0.8462999999999999",
        "6": "5→6 使用卡片:4 3 3 四叶草等级：1 成功概率：0.5846399999999999",
        "7": "6→7 使用卡片:5 5 5 四叶草等级：2 成功概率：0.6468",
        "8": "7→8 使用卡片:6 6 6 四叶草等级：3 成功概率：0.6307",
        "9": "8→9 使用卡片:8 8 8 四叶草等级：4 成功概率：0.7700000000000001",
        "10": "9→10 使用卡片:9 9 9 四叶草等级：5 成功概率：0.5670000000000001",
        "11": "10→11 使用卡片:10 10 10 四叶草等级：5 成功概率：0.5249999999999999",
        "12": "11→12 使用卡片:11 11 11 四叶草等级：5 成功概率：0.4872",
        "13": "12→13 使用卡片:12 12 12 四叶草等级：6 成功概率：0.5055750000000001",
        "14": "13→14 使用卡片:13 13 13 四叶草等级：6 成功概率：0.4772250000000002",
        "15": "14→15 使用卡片:14 14 14 四叶草等级：S 成功概率：0.49875000000000014",
        "16": "15→16 使用卡片:15 15 15 四叶草等级：S 成功概率：0.462"
    },
    "单张卡片的价值": {
        "1": {
            "价值": 2.0,
            "成本": 1.0,
            "性价比": 0
        },
        "2": {
            "价值": 3.0822510822510822,
            "成本": 1.0822510822510822,
            "性价比": 0.8537760000000001
        },
        "3": {
            "价值": 4.648667122351333,
            "成本": 1.5664160401002507,
            "性价比": 0.40755455999999995
        },
        "4": {
            "价值": 13.297334244702668,
            "成本": 8.648667122351334,
            "性价比": 0.11562475302299849
        },
        "5": {
            "价值": 34.502582226569615,
            "成本": 21.20524798186695,
            "性价比": 0.03990993176423538
        },
        "6": {
            "价值": 79.99154721255303,
            "成本": 45.48896498598341,
            "性价比": 0.012852347820623004
        },
        "7": {
            "价值": 190.23459810204443,
            "成本": 110.2430508894914,
            "性价比": 0.005867036468796188
        },
        "8": {
            "价值": 416.95441370833413,
            "成本": 226.7198156062897,
            "性价比": 0.002781847710635237
        },
        "9": {
            "价值": 1198.0485643663349,
            "成本": 781.0941506580008,
            "性价比": 0.0009857966537725896
        },
        "10": {
            "价值": 3478.3622025158165,
            "成本": 2280.3136381494814,
            "性价比": 0.00024865000608430846
        },
        "11": {
            "价值": 8646.750587557224,
            "成本": 5168.388385041407,
            "性价比": 0.00010157905344719828
        },
        "12": {
            "价值": 20451.694057186203,
            "成本": 11804.943469628979,
            "性价比": 4.1270845663381426e-05
        },
        "13": {
            "价值": 47649.21218303999,
            "成本": 27197.51812585379,
            "性价比": 1.8589012337835476e-05
        },
        "14": {
            "价值": 105863.6166075342,
            "成本": 58214.40442449422,
            "性价比": 8.19771334462375e-06
        },
        "15": {
            "价值": 232421.56328469084,
            "成本": 126557.94667715664,
            "性价比": 3.9408825213661845e-06
        },
        "16": {
            "价值": 492653.54472365114,
            "成本": 260231.98143896033,
            "性价比": 1.7753390549668705e-06
        }
    }
}