{
    "当前VIP等级": 1,
    "当前公会等级": 4,
    "最佳策略": {
        "1": "0→1 使用卡片:0 成功概率：1",
        "2": "1→2 使用卡片:0 成功概率：0.9504",
        "3": "2→3 使用卡片:0 成功概率：0.65664",
        "4": "3→4 使用卡片:3 1 成功概率：0.8953200000000001",
        "5": "4→5 使用卡片:3 3 3 四叶草等级：1 成功概率：0.87048",
        "6": "5→6 使用卡片:4 3 3 四叶草等级：1 成功概率：0.601344",
        "7": "6→7 使用卡片:5 4 4 四叶草等级：2 成功概率：0.532224",
        "8": "7→8 使用卡片:7 6 6 四叶草等级：3 成功概率：0.744192",
        "9": "8→9 使用卡片:8 7 7 四叶草等级：3 成功概率：0.565488",
        "10": "9→10 使用卡片:9 9 9 四叶草等级：4 成功概率：0.4860000000000001",
        "11": "10→11 使用卡片:10 10 10 四叶草等级：5 成功概率：0.5399999999999999",
        "12": "11→12 使用卡片:11 11 11 四叶草等级：5 成功概率：0.50112",
        "13": "12→13 使用卡片:12 12 12 四叶草等级：6 成功概率：0.52002",
        "14": "13→14 使用卡片:13 13 13 四叶草等级：6 成功概率：0.4908600000000002",
        "15": "14→15 使用卡片:14 14 14 四叶草等级：S 成功概率：0.5130000000000001",
        "16": "15→16 使用卡片:15 15 15 四叶草等级：S 成功概率：0.4752"
    },
    "单张卡片的价值": {
        "1": {
            "价值": 2.0,
            "成本": 1.0,
            "性价比": 0
        },
        "2": {
            "价值": 3.052188552188552,
            "成本": 1.0521885521885521,
            "性价比": 0.9032601600000001
        },
        "3": {
            "价值": 4.575093035619351,
            "成本": 1.5229044834307992,
            "性价比": 0.4311760896
        },
        "4": {
            "价值": 11.918939968134374,
            "成本": 7.343846932515023,
            "性价比": 0.12191430570753779
        },
        "5": {
            "价值": 32.28158943378327,
            "成本": 20.362649465648897,
            "性价比": 0.042748857483819604
        },
        "6": {
            "价值": 73.97008393838144,
            "成本": 41.68849450459816,
            "性价比": 0.014424699360003823
        },
        "7": {
            "价值": 154.8206835122615,
            "成本": 80.85059957388006,
            "性价比": 0.006582808325541999
        },
        "8": {
            "价值": 384.66790819868055,
            "成本": 229.84722468641905,
            "性价比": 0.0032377680479514265
        },
        "9": {
            "价值": 883.5226233284754,
            "成本": 498.85471512979484,
            "性价比": 0.0011335725269287435
        },
        "10": {
            "价值": 2334.2583059984195,
            "成本": 1450.735682669944,
            "性价比": 0.00033500244448772526
        },
        "11": {
            "价值": 5972.137419020453,
            "成本": 3637.879113022034,
            "性价比": 0.00014843813750353425
        },
        "12": {
            "价值": 14153.21003458761,
            "成本": 8181.072615567157,
            "性价比": 6.125358171817908e-05
        },
        "13": {
            "价值": 33593.15951060327,
            "成本": 19439.94947601566,
            "性价比": 2.6750069522638565e-05
        },
        "14": {
            "价值": 74586.42812820736,
            "成本": 40993.2686176041,
            "性价比": 1.1974161040410568e-05
        },
        "15": {
            "价值": 166220.9521459208,
            "成本": 91634.52401771344,
            "性价比": 5.598326673261647e-06
        },
        "16": {
            "价值": 351983.13727095164,
            "成本": 185762.18512503087,
            "性价比": 2.558109443427129e-06
        }
    }
}