{
    "当前VIP等级": 4,
    "当前公会等级": 0,
    "最佳策略": {
        "1": "0→1 使用卡片:0 成功概率：1",
        "2": "1→2 使用卡片:0 成功概率：0.9152",
        "3": "2→3 使用卡片:0 成功概率：0.63232",
        "4": "3→4 使用卡片:3 1 1 成功概率：1",
        "5": "4→5 使用卡片:3 3 3 四叶草等级：1 成功概率：0.83824",
        "6": "5→6 使用卡片:4 3 3 四叶草等级：1 成功概率：0.579072",
        "7": "6→7 使用卡片:5 5 5 四叶草等级：2 成功概率：0.64064",
        "8": "7→8 使用卡片:6 6 6 四叶草等级：3 成功概率：0.6246933333333333",
        "9": "8→9 使用卡片:8 8 8 四叶草等级：4 成功概率：0.7626666666666667",
        "10": "9→10 使用卡片:9 9 9 四叶草等级：5 成功概率：0.5616000000000001",
        "11": "10→11 使用卡片:10 10 10 四叶草等级：5 成功概率：0.5199999999999999",
        "12": "11→12 使用卡片:11 11 11 四叶草等级：5 成功概率：0.48256000000000004",
        "13": "12→13 使用卡片:12 12 12 四叶草等级：6 成功概率：0.5007600000000001",
        "14": "13→14 使用卡片:13 13 13 四叶草等级：6 成功概率：0.47268000000000016",
        "15": "14→15 使用卡片:14 14 14 四叶草等级：S 成功概率：0.4940000000000001",
        "16": "15→16 使用卡片:15 15 15 四叶草等级：S 成功概率：0.4576"
    },
    "单张卡片的价值": {
        "1": {
            "价值": 2.0,
            "成本": 1.0,
            "性价比": 0
        },
        "2": {
            "价值": 3.0926573426573425,
            "成本": 1.0926573426573427,
            "性价比": 0.83759104
        },
        "3": {
            "价值": 4.674135075450865,
            "成本": 1.5814777327935223,
            "性价比": 0.39982858239999997
        },
        "4": {
            "价值": 13.34827015090173,
            "成本": 8.674135075450865,
            "性价比": 0.11528526951697508
        },
        "5": {
            "价值": 34.84856269999578,
            "成本": 21.50029254909405,
            "性价比": 0.038987376478061955
        },
        "6": {
            "价值": 80.95084411198506,
            "成本": 46.10228141198928,
            "性价比": 0.01256059314777007
        },
        "7": {
            "价值": 193.22060708664637,
            "成本": 112.2697629746613,
            "性价比": 0.005706255923463462
        },
        "8": {
            "价值": 424.17917358138357,
            "成本": 230.95856649473717,
            "性价比": 0.002704785290341539
        },
        "9": {
            "价值": 1223.1374815676277,
            "成本": 798.9583079862441,
            "性价比": 0.0009545763014705365
        },
        "10": {
            "价值": 3556.352827875909,
            "成本": 2333.2153463082814,
            "性价比": 0.00024069788538318547
        },
        "11": {
            "价值": 8872.61791449351,
            "成本": 5316.265086617602,
            "性价比": 9.781303067617393e-05
        },
        "12": {
            "价值": 21080.11463202782,
            "成本": 12207.496717534312,
            "性价比": 3.952980788492632e-05
        },
        "13": {
            "价值": 49264.63826367301,
            "成本": 28184.523631645196,
            "性价比": 1.776719757781372e-05
        },
        "14": {
            "价值": 109901.10665268998,
            "成本": 60636.46838901696,
            "性价比": 7.79530887200575e-06
        },
        "15": {
            "价值": 241886.2601993019,
            "成本": 131985.15354661192,
            "性价比": 3.7428452119468034e-06
        },
        "16": {
            "价值": 514603.68053415127,
            "成本": 272717.42033484933,
            "性价比": 1.6779272825261664e-06
        }
    }
}