{
    "当前VIP等级": 7,
    "当前公会等级": 2,
    "最佳策略": {
        "1": "0→1 使用卡片:0 成功概率：1",
        "2": "1→2 使用卡片:0 成功概率：0.9768000000000001",
        "3": "2→3 使用卡片:0 成功概率：0.67488",
        "4": "3→4 使用卡片:3 1 成功概率：0.9201900000000002",
        "5": "4→5 使用卡片:3 3 3 四叶草等级：1 成功概率：0.89466",
        "6": "5→6 使用卡片:4 3 3 四叶草等级：1 成功概率：0.618048",
        "7": "6→7 使用卡片:5 5 5 四叶草等级：2 成功概率：0.68376",
        "8": "7→8 使用卡片:6 6 6 四叶草等级：3 成功概率：0.6667400000000001",
        "9": "8→9 使用卡片:8 8 8 四叶草等级：4 成功概率：0.8140000000000002",
        "10": "9→10 使用卡片:9 9 9 四叶草等级：4 成功概率：0.4995000000000001",
        "11": "10→11 使用卡片:10 10 10 四叶草等级：5 成功概率：0.5549999999999999",
        "12": "11→12 使用卡片:11 11 11 四叶草等级：5 成功概率：0.51504",
        "13": "12→13 使用卡片:12 12 12 四叶草等级：6 成功概率：0.5344650000000001",
        "14": "13→14 使用卡片:13 13 13 四叶草等级：6 成功概率：0.5044950000000001",
        "15": "14→15 使用卡片:14 14 14 四叶草等级：S 成功概率：0.5272500000000001",
        "16": "15→16 使用卡片:15 15 15 四叶草等级：S 成功概率：0.48840000000000006"
    },
    "单张卡片的价值": {
        "1": {
            "价值": 2.0,
            "成本": 1.0,
            "性价比": 0
        },
        "2": {
            "价值": 3.0237510237510237,
            "成本": 1.0237510237510237,
            "性价比": 0.9541382400000001
        },
        "3": {
            "价值": 4.505495926548558,
            "成本": 1.4817449027975342,
            "性价比": 0.4554630144000001
        },
        "4": {
            "价值": 11.57522709788117,
            "成本": 7.069731171332612,
            "性价比": 0.1301591217119149
        },
        "5": {
            "价值": 31.154159630514428,
            "成本": 19.57893253263326,
            "性价比": 0.04569503462504006
        },
        "6": {
            "价值": 70.93459569855168,
            "成本": 39.78043606803725,
            "性价比": 0.015536481272928749
        },
        "7": {
            "价值": 166.4529353871542,
            "成本": 95.51833968860254,
            "性价比": 0.007158415883579138
        },
        "8": {
            "价值": 362.70621732618423,
            "成本": 196.25328193903002,
            "性价比": 0.0033973444592235464
        },
        "9": {
            "价值": 1028.7398626441523,
            "成本": 666.0336453179681,
            "性价比": 0.0012221604805135514
        },
        "10": {
            "价值": 2641.846643733358,
            "成本": 1613.1067810892062,
            "性价比": 0.00030965092072995096
        },
        "11": {
            "价值": 6544.201766768232,
            "成本": 3902.3551230348735,
            "性价比": 0.00014222180772937313
        },
        "12": {
            "价值": 15190.072605149933,
            "成本": 8645.870838381701,
            "性价比": 5.95706331528315e-05
        },
        "13": {
            "价值": 35226.15382963809,
            "成本": 20036.081224488156,
            "性价比": 2.6675126438735707e-05
        },
        "14": {
            "价值": 76875.33931436882,
            "成本": 41649.18548473073,
            "性价比": 1.2112961973408968e-05
        },
        "15": {
            "价值": 168269.6121475217,
            "成本": 91394.27283315289,
            "性价比": 5.76896104816693e-06
        },
        "16": {
            "价值": 351035.8183640451,
            "成本": 182766.20621652342,
            "性价比": 2.6722664441663345e-06
        }
    }
}