{
    "当前VIP等级": 10,
    "当前公会等级": 0,
    "最佳策略": {
        "1": "0→1 使用卡片:0 成功概率：1",
        "2": "1→2 使用卡片:0 成功概率：0.9944",
        "3": "2→3 使用卡片:0 成功概率：0.6870399999999999",
        "4": "3→4 使用卡片:3 1 成功概率：0.93677",
        "5": "4→5 使用卡片:3 3 3 四叶草等级：1 成功概率：0.9107799999999998",
        "6": "5→6 使用卡片:4 3 3 四叶草等级：1 成功概率：0.6291839999999999",
        "7": "6→7 使用卡片:5 5 5 四叶草等级：2 成功概率：0.6960799999999999",
        "8": "7→8 使用卡片:6 6 6 四叶草等级：3 成功概率：0.6787533333333333",
        "9": "8→9 使用卡片:8 8 8 四叶草等级：4 成功概率：0.8286666666666667",
        "10": "9→10 使用卡片:9 9 9 四叶草等级：4 成功概率：0.5085000000000001",
        "11": "10→11 使用卡片:10 10 10 四叶草等级：5 成功概率：0.5649999999999998",
        "12": "11→12 使用卡片:11 11 11 四叶草等级：5 成功概率：0.52432",
        "13": "12→13 使用卡片:12 12 12 四叶草等级：6 成功概率：0.544095",
        "14": "13→14 使用卡片:13 13 13 四叶草等级：6 成功概率：0.5135850000000001",
        "15": "14→15 使用卡片:14 14 14 四叶草等级：S 成功概率：0.5367500000000001",
        "16": "15→16 使用卡片:15 15 15 四叶草等级：S 成功概率：0.4972"
    },
    "单张卡片的价值": {
        "1": {
            "价值": 2.0,
            "成本": 1.0,
            "性价比": 0
        },
        "2": {
            "价值": 3.005631536604988,
            "成本": 1.005631536604988,
            "性价比": 0.9888313599999999
        },
        "3": {
            "价值": 4.461150865901681,
            "成本": 1.4555193292966933,
            "性价比": 0.4720239615999999
        },
        "4": {
            "价值": 11.358415793153494,
            "成本": 6.897264927251813,
            "性价比": 0.13581760449692515
        },
        "5": {
            "价值": 30.444751239369978,
            "成本": 19.086335446216484,
            "性价比": 0.04771895592878439
        },
        "6": {
            "价值": 69.0355569892887,
            "成本": 38.59080574991872,
            "性价比": 0.016303987122666518
        },
        "7": {
            "价值": 161.039059778104,
            "成本": 92.00350278881531,
            "性价比": 0.007565798897872191
        },
        "8": {
            "价值": 350.0678946451826,
            "成本": 189.0288348670786,
            "性价比": 0.003590739655199269
        },
        "9": {
            "价值": 987.6441691400322,
            "成本": 637.5762744948496,
            "性价比": 0.001299713775145127
        },
        "10": {
            "价值": 2516.1639548079675,
            "成本": 1528.5197856679354,
            "性价比": 0.00033267479084531104
        },
        "11": {
            "价值": 6203.8332346879315,
            "成本": 3687.669279879964,
            "性价比": 0.00015321330551051773
        },
        "12": {
            "价值": 14295.799146920315,
            "成本": 8091.965912232385,
            "性价比": 6.4795132071355e-05
        },
        "13": {
            "价值": 33027.07742806888,
            "成本": 18731.278281148563,
            "性价比": 2.9047403590580645e-05
        },
        "14": {
            "价值": 71605.86540742649,
            "成本": 38578.787979357614,
            "性价比": 1.3312626624631246e-05
        },
        "15": {
            "价值": 156325.1778461088,
            "成本": 84719.3124386823,
            "性价比": 6.33562743310135e-06
        },
        "16": {
            "价值": 324261.2328455687,
            "成本": 167936.0549994599,
            "性价比": 2.960650707208759e-06
        }
    }
}