{
    "当前VIP等级": 11,
    "当前公会等级": 6,
    "最佳策略": {
        "1": "0→1 使用卡片:0 成功概率：1",
        "2": "1→2 使用卡片:0 成功概率：1",
        "3": "2→3 使用卡片:0 成功概率：0.7964799999999999",
        "4": "3→4 使用卡片:3 成功概率：0.8986599999999999",
        "5": "4→5 使用卡片:3 成功概率：0.52793",
        "6": "5→6 使用卡片:4 3 3 四叶草等级：1 成功概率：0.7294079999999998",
        "7": "6→7 使用卡片:5 5 5 四叶草等级：2 成功概率：0.8069599999999999",
        "8": "7→8 使用卡片:7 6 6 四叶草等级：3 成功概率：0.9026773333333331",
        "9": "8→9 使用卡片:8 7 7 四叶草等级：3 成功概率：0.6859159999999999",
        "10": "9→10 使用卡片:9 9 9 四叶草等级：4 成功概率：0.5895",
        "11": "10→11 使用卡片:10 10 10 四叶草等级：5 成功概率：0.6549999999999998",
        "12": "11→12 使用卡片:11 11 11 四叶草等级：5 成功概率：0.6078399999999999",
        "13": "12→13 使用卡片:12 12 12 四叶草等级：5 成功概率：0.56068",
        "14": "13→14 使用卡片:13 13 13 四叶草等级：6 成功概率：0.5953950000000001",
        "15": "14→15 使用卡片:14 14 14 四叶草等级：6 成功概率：0.5600250000000001",
        "16": "15→16 使用卡片:15 15 15 四叶草等级：S 成功概率：0.5763999999999999"
    },
    "单张卡片的价值": {
        "1": {
            "价值": 2.0,
            "成本": 1.0,
            "性价比": 0
        },
        "2": {
            "价值": 3.0,
            "成本": 1.0,
            "性价比": 1.0
        },
        "3": {
            "价值": 4.255524306950583,
            "成本": 1.2555243069505828,
            "性价比": 0.6343803903999997
        },
        "4": {
            "价值": 8.99093514859323,
            "成本": 4.735410841642649,
            "性价比": 0.18977445253478092
        },
        "5": {
            "价值": 17.05170893858543,
            "成本": 8.0607737899922,
            "性价比": 0.0654937123599037
        },
        "6": {
            "价值": 46.53038721260272,
            "成本": 29.478678274017287,
            "性价比": 0.02474357884094502
        },
        "7": {
            "价值": 96.18417029179474,
            "成本": 49.65378307919203,
            "性价比": 0.016251732495648763
        },
        "8": {
            "价值": 229.47852910823565,
            "成本": 133.2943588164409,
            "性价比": 0.006772059533115023
        },
        "9": {
            "价值": 496.03136001774317,
            "成本": 266.5528309095075,
            "性价比": 0.0025732834937808734
        },
        "10": {
            "价值": 1236.290352552811,
            "成本": 740.2589925350679,
            "性价比": 0.0007963429096365539
        },
        "11": {
            "价值": 3138.1329253309286,
            "成本": 1901.8425727781178,
            "性价比": 0.0003444028487821724
        },
        "12": {
            "价值": 7003.623699751688,
            "成本": 3865.490774420759,
            "性价比": 0.00015724782064473672
        },
        "13": {
            "价值": 14912.375562354076,
            "成本": 7908.751862602388,
            "性价比": 7.089361377630922e-05
        },
        "14": {
            "价值": 31611.26879585306,
            "成本": 16698.893233498984,
            "性价比": 3.565475817317054e-05
        },
        "15": {
            "价值": 63755.391448703944,
            "成本": 32144.12265285088,
            "性价比": 1.7422314058720504e-05
        },
        "16": {
            "价值": 131099.66128388103,
            "成本": 67344.26983517708,
            "性价比": 8.559005857673122e-06
        }
    }
}