{
    "当前VIP等级": 3,
    "当前公会等级": 0,
    "最佳策略": {
        "1": "0→1 使用卡片:0 成功概率：1",
        "2": "1→2 使用卡片:0 成功概率：0.88",
        "3": "2→3 使用卡片:0 成功概率：0.608",
        "4": "3→4 使用卡片:3 1 1 成功概率：0.9720000000000001",
        "5": "4→5 使用卡片:3 3 3 四叶草等级：1 成功概率：0.8059999999999999",
        "6": "5→6 使用卡片:4 3 3 四叶草等级：1 成功概率：0.5568",
        "7": "6→7 使用卡片:5 4 4 四叶草等级：2 成功概率：0.49279999999999996",
        "8": "7→8 使用卡片:7 6 6 四叶草等级：3 成功概率：0.6890666666666666",
        "9": "8→9 使用卡片:8 7 7 四叶草等级：4 成功概率：0.616",
        "10": "9→10 使用卡片:9 9 9 四叶草等级：5 成功概率：0.54",
        "11": "10→11 使用卡片:10 10 10 四叶草等级：5 成功概率：0.49999999999999994",
        "12": "11→12 使用卡片:11 11 11 四叶草等级：5 成功概率：0.464",
        "13": "12→13 使用卡片:12 12 12 四叶草等级：6 成功概率：0.48150000000000004",
        "14": "13→14 使用卡片:13 13 13 四叶草等级：6 成功概率：0.4545000000000001",
        "15": "14→15 使用卡片:14 14 14 四叶草等级：S 成功概率：0.4750000000000001",
        "16": "15→16 使用卡片:15 15 15 四叶草等级：S 成功概率：0.44"
    },
    "单张卡片的价值": {
        "1": {
            "价值": 2.0,
            "成本": 1.0,
            "性价比": 0
        },
        "2": {
            "价值": 3.1363636363636367,
            "成本": 1.1363636363636365,
            "性价比": 0.7744
        },
        "3": {
            "价值": 4.7811004784689,
            "成本": 1.6447368421052633,
            "性价比": 0.36966399999999994
        },
        "4": {
            "价值": 13.815154468663241,
            "成本": 9.03405399019434,
            "性价比": 0.10759289252145486
        },
        "5": {
            "价值": 36.57359297413062,
            "成本": 22.758438505467375,
            "性价比": 0.03541543501793282
        },
        "6": {
            "价值": 85.74269395401755,
            "成本": 49.169100979886935,
            "性价比": 0.011324185085827866
        },
        "7": {
            "价值": 182.84956819331427,
            "成本": 97.1068742392967,
            "性价比": 0.00507482095227998
        },
        "8": {
            "价值": 464.5323437239465,
            "成本": 281.6827755306322,
            "性价比": 0.0024462506284546764
        },
        "9": {
            "价值": 1192.1263905322007,
            "成本": 727.5940468082543,
            "性价比": 0.0008466259484972625
        },
        "10": {
            "价值": 3578.851528345369,
            "成本": 2386.725137813168,
            "性价比": 0.0002262514402872439
        },
        "11": {
            "价值": 9137.2232553209,
            "成本": 5558.371726975532,
            "性价比": 8.995440113755476e-05
        },
        "12": {
            "价值": 22185.182056049143,
            "成本": 13047.958800728244,
            "性价比": 3.556111780289365e-05
        },
        "13": {
            "价值": 52823.88123116375,
            "成本": 30638.69917511461,
            "性价比": 1.5715419158235164e-05
        },
        "14": {
            "价值": 120153.13490502874,
            "成本": 67329.25367386498,
            "性价比": 6.750409000544472e-06
        },
        "15": {
            "价值": 268536.16580513294,
            "成本": 148383.0309001042,
            "性价比": 3.20117467016686e-06
        },
        "16": {
            "价值": 581396.5652373566,
            "成本": 312860.39943222364,
            "性价比": 1.4063780548721034e-06
        }
    }
}