{
    "当前VIP等级": 10,
    "当前公会等级": 3,
    "最佳策略": {
        "1": "0→1 使用卡片:0 成功概率：1",
        "2": "1→2 使用卡片:0 成功概率：1",
        "3": "2→3 使用卡片:0 成功概率：0.7174400000000001",
        "4": "3→4 使用卡片:3 1 成功概率：0.9782200000000002",
        "5": "4→5 使用卡片:3 3 3 四叶草等级：1 成功概率：0.95108",
        "6": "5→6 使用卡片:4 3 3 四叶草等级：1 成功概率：0.657024",
        "7": "6→7 使用卡片:5 5 5 四叶草等级：2 成功概率：0.7268800000000001",
        "8": "7→8 使用卡片:7 6 6 四叶草等级：3 成功概率：0.8130986666666667",
        "9": "8→9 使用卡片:8 7 7 四叶草等级：3 成功概率：0.6178480000000001",
        "10": "9→10 使用卡片:9 9 9 四叶草等级：4 成功概率：0.5310000000000001",
        "11": "10→11 使用卡片:10 10 10 四叶草等级：5 成功概率：0.59",
        "12": "11→12 使用卡片:11 11 11 四叶草等级：5 成功概率：0.5475200000000001",
        "13": "12→13 使用卡片:12 12 12 四叶草等级：6 成功概率：0.5681700000000002",
        "14": "13→14 使用卡片:13 13 13 四叶草等级：6 成功概率：0.5363100000000002",
        "15": "14→15 使用卡片:14 14 14 四叶草等级：S 成功概率：0.5605000000000002",
        "16": "15→16 使用卡片:15 15 15 四叶草等级：S 成功概率：0.5192000000000001"
    },
    "单张卡片的价值": {
        "1": {
            "价值": 2.0,
            "成本": 1.0,
            "性价比": 0
        },
        "2": {
            "价值": 3.0,
            "成本": 1.0,
            "性价比": 1.0
        },
        "3": {
            "价值": 4.393844781445138,
            "成本": 1.393844781445138,
            "性价比": 0.5147201536000001
        },
        "4": {
            "价值": 10.930048070526464,
            "成本": 6.536203289081327,
            "性价比": 0.1496618077399931
        },
        "5": {
            "价值": 28.995336315821717,
            "成本": 18.065288245295253,
            "性价比": 0.052646821190228725
        },
        "6": {
            "价值": 65.09407492113405,
            "成本": 36.09873860531234,
            "性价比": 0.018200746768013424
        },
        "7": {
            "价值": 149.6298785368245,
            "成本": 84.53580361569045,
            "性价比": 0.008598486900349119
        },
        "8": {
            "价值": 347.388952585508,
            "成本": 197.7590740486835,
            "性价比": 0.004111561861715137
        },
        "9": {
            "价值": 775.8643347232247,
            "成本": 428.47538213771674,
            "性价比": 0.0014419684905057552
        },
        "10": {
            "价值": 1963.0780837817633,
            "成本": 1187.2137490585387,
            "性价比": 0.0004472657096677692
        },
        "11": {
            "价值": 4880.830724278974,
            "成本": 2917.7526404972105,
            "性价比": 0.00020221042449282433
        },
        "12": {
            "价值": 11137.731239277167,
            "成本": 6256.900514998194,
            "性价比": 8.75065855190696e-05
        },
        "13": {
            "价值": 25861.988343516492,
            "成本": 14724.257104239325,
            "性价比": 3.858734576404645e-05
        },
        "14": {
            "价值": 55525.97379776098,
            "成本": 29663.98545424448,
            "性价比": 1.807949915655255e-05
        },
        "15": {
            "价值": 121876.77948659858,
            "成本": 66350.8056888376,
            "性价比": 8.447523646186785e-06
        },
        "16": {
            "价值": 250672.29445921286,
            "成本": 128795.51497261428,
            "性价比": 4.031196273491335e-06
        }
    }
}