{
    "当前VIP等级": 8,
    "当前公会等级": 3,
    "最佳策略": {
        "1": "0→1 使用卡片:0 成功概率：1",
        "2": "1→2 使用卡片:0 成功概率：1",
        "3": "2→3 使用卡片:0 成功概率：0.6931200000000001",
        "4": "3→4 使用卡片:3 1 成功概率：0.9450600000000002",
        "5": "4→5 使用卡片:3 3 3 四叶草等级：1 成功概率：0.91884",
        "6": "5→6 使用卡片:4 3 3 四叶草等级：1 成功概率：0.634752",
        "7": "6→7 使用卡片:5 5 5 四叶草等级：2 成功概率：0.7022400000000001",
        "8": "7→8 使用卡片:6 6 6 四叶草等级：3 成功概率：0.6847600000000001",
        "9": "8→9 使用卡片:8 8 8 四叶草等级：4 成功概率：0.8360000000000002",
        "10": "9→10 使用卡片:9 9 9 四叶草等级：4 成功概率：0.5130000000000001",
        "11": "10→11 使用卡片:10 10 10 四叶草等级：5 成功概率：0.57",
        "12": "11→12 使用卡片:11 11 11 四叶草等级：5 成功概率：0.5289600000000001",
        "13": "12→13 使用卡片:12 12 12 四叶草等级：6 成功概率：0.5489100000000001",
        "14": "13→14 使用卡片:13 13 13 四叶草等级：6 成功概率：0.5181300000000002",
        "15": "14→15 使用卡片:14 14 14 四叶草等级：S 成功概率：0.5415000000000002",
        "16": "15→16 使用卡片:15 15 15 四叶草等级：S 成功概率：0.5016"
    },
    "单张卡片的价值": {
        "1": {
            "价值": 2.0,
            "成本": 1.0,
            "性价比": 0
        },
        "2": {
            "价值": 3.0,
            "成本": 1.0,
            "性价比": 1.0
        },
        "3": {
            "价值": 4.44275161588181,
            "成本": 1.4427516158818097,
            "性价比": 0.48041533440000006
        },
        "4": {
            "价值": 11.260045349487939,
            "成本": 6.817293733606129,
            "性价比": 0.1386268564813759
        },
        "5": {
            "价值": 30.118883501555143,
            "成本": 18.858838152067204,
            "性价比": 0.04872198343243546
        },
        "6": {
            "价值": 68.15822576633188,
            "成本": 38.039342264776735,
            "性价比": 0.01668672385504838
        },
        "7": {
            "价值": 158.5240605723134,
            "成本": 90.36583480598152,
            "性价比": 0.007771078544316366
        },
        "8": {
            "价值": 344.17706401795704,
            "成本": 185.65300344564363,
            "性价比": 0.0036883863298257246
        },
        "9": {
            "价值": 968.4590782393279,
            "成本": 624.2820142213709,
            "性价比": 0.0013391383716903848
        },
        "10": {
            "价值": 2457.6402519940793,
            "成本": 1489.1811737547514,
            "性价比": 0.000344484612779885
        },
        "11": {
            "价值": 6045.750018863744,
            "成本": 3588.1097668696643,
            "性价比": 0.00015885801634694106
        },
        "12": {
            "价值": 13882.179094648609,
            "成本": 7836.429075784865,
            "性价比": 6.750013237974997e-05
        },
        "13": {
            "价值": 32013.524064258025,
            "成本": 18131.344969609414,
            "性价比": 3.0274091685975173e-05
        },
        "14": {
            "价值": 69187.94382699375,
            "成本": 37174.41976273572,
            "性价比": 1.3937810013093537e-05
        },
        "15": {
            "价值": 150863.8671015631,
            "成本": 81675.92327456936,
            "性价比": 6.629860775245155e-06
        },
        "16": {
            "价值": 312071.6042671129,
            "成本": 161207.7371655498,
            "性价比": 3.111513186770246e-06
        }
    }
}