{
    "当前VIP等级": 10,
    "当前公会等级": 2,
    "最佳策略": {
        "1": "0→1 使用卡片:0 成功概率：1",
        "2": "1→2 使用卡片:0 成功概率：1",
        "3": "2→3 使用卡片:0 成功概率：0.70528",
        "4": "3→4 使用卡片:3 1 成功概率：0.9616400000000002",
        "5": "4→5 使用卡片:3 3 3 四叶草等级：1 成功概率：0.93496",
        "6": "5→6 使用卡片:4 3 3 四叶草等级：1 成功概率：0.645888",
        "7": "6→7 使用卡片:5 5 5 四叶草等级：2 成功概率：0.7145600000000001",
        "8": "7→8 使用卡片:7 6 6 四叶草等级：3 成功概率：0.7993173333333333",
        "9": "8→9 使用卡片:8 7 7 四叶草等级：3 成功概率：0.607376",
        "10": "9→10 使用卡片:9 9 9 四叶草等级：4 成功概率：0.5220000000000001",
        "11": "10→11 使用卡片:10 10 10 四叶草等级：5 成功概率：0.58",
        "12": "11→12 使用卡片:11 11 11 四叶草等级：5 成功概率：0.53824",
        "13": "12→13 使用卡片:12 12 12 四叶草等级：6 成功概率：0.5585400000000001",
        "14": "13→14 使用卡片:13 13 13 四叶草等级：6 成功概率：0.5272200000000002",
        "15": "14→15 使用卡片:14 14 14 四叶草等级：S 成功概率：0.5510000000000002",
        "16": "15→16 使用卡片:15 15 15 四叶草等级：S 成功概率：0.5104000000000001"
    },
    "单张卡片的价值": {
        "1": {
            "价值": 2.0,
            "成本": 1.0,
            "性价比": 0
        },
        "2": {
            "价值": 3.0,
            "成本": 1.0,
            "性价比": 1.0
        },
        "3": {
            "价值": 4.4178765880217785,
            "成本": 1.4178765880217785,
            "性价比": 0.4974198784
        },
        "4": {
            "价值": 11.09176347710894,
            "成本": 6.673886889087161,
            "性价比": 0.1440899457814352
        },
        "5": {
            "价值": 29.545632909026175,
            "成本": 18.453869431917234,
            "性价比": 0.05066471308087411
        },
        "6": {
            "价值": 66.59155519455012,
            "成本": 37.04592228552395,
            "性价比": 0.017434793363273533
        },
        "7": {
            "价值": 153.96336563166068,
            "成本": 87.37181043711055,
            "性价比": 0.00817838152174189
        },
        "8": {
            "价值": 359.22930100027577,
            "成本": 205.2659353686151,
            "性价比": 0.003894057393877484
        },
        "9": {
            "价值": 807.3930178318161,
            "成本": 448.16371683154034,
            "性价比": 0.0013552547365816893
        },
        "10": {
            "价值": 2056.9553697440256,
            "成本": 1249.5623519122096,
            "性价比": 0.0004177462606817353
        },
        "11": {
            "价值": 5130.968592948291,
            "成本": 3074.0132232042656,
            "性价比": 0.0001886784336585983
        },
        "12": {
            "价值": 11782.735937783476,
            "成本": 6651.767344835184,
            "性价比": 8.091684090814159e-05
        },
        "13": {
            "价值": 27428.4648918735,
            "成本": 15645.728954090024,
            "性价比": 3.5699199547617726e-05
        },
        "14": {
            "价值": 59222.96287080719,
            "成本": 31794.49797893369,
            "性价比": 1.6582114312650076e-05
        },
        "15": {
            "价值": 130174.15961040862,
            "成本": 70951.19673960142,
            "性价比": 7.765901426895304e-06
        },
        "16": {
            "价值": 269036.8551942312,
            "成本": 138862.69558382258,
            "性价比": 3.6755731829496573e-06
        }
    }
}