{
    "当前VIP等级": 13,
    "当前公会等级": 0,
    "最佳策略": {
        "1": "0→1 使用卡片:0 成功概率：1",
        "2": "1→2 使用卡片:0 成功概率：1",
        "3": "2→3 使用卡片:0 成功概率：0.7235199999999999",
        "4": "3→4 使用卡片:3 1 成功概率：0.98651",
        "5": "4→5 使用卡片:3 3 3 四叶草等级：1 成功概率：0.9591399999999999",
        "6": "5→6 使用卡片:4 3 3 四叶草等级：1 成功概率：0.662592",
        "7": "6→7 使用卡片:5 5 5 四叶草等级：2 成功概率：0.7330399999999999",
        "8": "7→8 使用卡片:7 6 6 四叶草等级：3 成功概率：0.8199893333333332",
        "9": "8→9 使用卡片:8 7 7 四叶草等级：3 成功概率：0.623084",
        "10": "9→10 使用卡片:9 9 9 四叶草等级：4 成功概率：0.5355000000000001",
        "11": "10→11 使用卡片:10 10 10 四叶草等级：5 成功概率：0.5949999999999999",
        "12": "11→12 使用卡片:11 11 11 四叶草等级：5 成功概率：0.55216",
        "13": "12→13 使用卡片:12 12 12 四叶草等级：6 成功概率：0.572985",
        "14": "13→14 使用卡片:13 13 13 四叶草等级：6 成功概率：0.5408550000000001",
        "15": "14→15 使用卡片:14 14 14 四叶草等级：S 成功概率：0.56525",
        "16": "15→16 使用卡片:15 15 15 四叶草等级：S 成功概率：0.5236"
    },
    "单张卡片的价值": {
        "1": {
            "价值": 2.0,
            "成本": 1.0,
            "性价比": 0
        },
        "2": {
            "价值": 3.0,
            "成本": 1.0,
            "性价比": 1.0
        },
        "3": {
            "价值": 4.382131800088457,
            "成本": 1.3821318000884566,
            "性价比": 0.5234811903999999
        },
        "4": {
            "价值": 10.851535860958045,
            "成本": 6.4694040608695875,
            "性价比": 0.15248854310506582
        },
        "5": {
            "价值": 28.728379074947004,
            "成本": 17.87684321398896,
            "性价比": 0.05365264932510317
        },
        "6": {
            "价值": 64.36991936087705,
            "成本": 35.64154028593004,
            "性价比": 0.018590442351380833
        },
        "7": {
            "价值": 147.5434688701048,
            "成本": 83.17354950922775,
            "性价比": 0.008813378824462363
        },
        "8": {
            "价值": 341.7143144215455,
            "成本": 194.1708455514407,
            "性价比": 0.004223030141340646
        },
        "9": {
            "价值": 760.8312106788246,
            "成本": 419.11689625727917,
            "性价比": 0.0014866592245842399
        },
        "10": {
            "价值": 1918.6033519529199,
            "成本": 1157.7721412740952,
            "性价比": 0.00046252624407657416
        },
        "11": {
            "价值": 4762.9061566161545,
            "成本": 2844.302804663235,
            "性价比": 0.00020919010417051845
        },
        "12": {
            "价值": 10835.340829925623,
            "成本": 6072.434673309468,
            "性价比": 9.092893208500727e-05
        },
        "13": {
            "价值": 25130.769063517655,
            "成本": 14295.428233592032,
            "性价比": 4.008169539500568e-05
        },
        "14": {
            "价值": 53808.76334326934,
            "成本": 28677.99427975169,
            "性价比": 1.8859582533004226e-05
        },
        "15": {
            "价值": 118037.00823754582,
            "成本": 64228.24489427647,
            "性价比": 8.800645275772914e-06
        },
        "16": {
            "价值": 242210.6000877753,
            "成本": 124173.59185022948,
            "性价比": 4.216677573694848e-06
        }
    }
}