{
    "当前VIP等级": 5,
    "当前公会等级": 3,
    "最佳策略": {
        "1": "0→1 使用卡片:0 成功概率：1",
        "2": "1→2 使用卡片:0 成功概率：0.9680000000000001",
        "3": "2→3 使用卡片:0 成功概率：0.6688000000000001",
        "4": "3→4 使用卡片:3 1 成功概率：0.9119000000000002",
        "5": "4→5 使用卡片:3 3 3 四叶草等级：1 成功概率：0.8866",
        "6": "5→6 使用卡片:4 3 3 四叶草等级：1 成功概率：0.61248",
        "7": "6→7 使用卡片:5 5 5 四叶草等级：2 成功概率：0.6776000000000001",
        "8": "7→8 使用卡片:6 6 6 四叶草等级：3 成功概率：0.6607333333333334",
        "9": "8→9 使用卡片:8 8 8 四叶草等级：4 成功概率：0.8066666666666668",
        "10": "9→10 使用卡片:9 9 9 四叶草等级：4 成功概率：0.4950000000000001",
        "11": "10→11 使用卡片:10 10 10 四叶草等级：5 成功概率：0.5499999999999999",
        "12": "11→12 使用卡片:11 11 11 四叶草等级：5 成功概率：0.5104000000000001",
        "13": "12→13 使用卡片:12 12 12 四叶草等级：6 成功概率：0.5296500000000001",
        "14": "13→14 使用卡片:13 13 13 四叶草等级：6 成功概率：0.49995000000000017",
        "15": "14→15 使用卡片:14 14 14 四叶草等级：S 成功概率：0.5225000000000002",
        "16": "15→16 使用卡片:15 15 15 四叶草等级：S 成功概率：0.48400000000000004"
    },
    "单张卡片的价值": {
        "1": {
            "价值": 2.0,
            "成本": 1.0,
            "性价比": 0
        },
        "2": {
            "价值": 3.0330578512396693,
            "成本": 1.0330578512396693,
            "性价比": 0.9370240000000002
        },
        "3": {
            "价值": 4.528273162244454,
            "成本": 1.4952153110047846,
            "性价比": 0.4472934400000001
        },
        "4": {
            "价值": 11.687252394884494,
            "成本": 7.15897923264004,
            "性价比": 0.1273784949455309
        },
        "5": {
            "价值": 31.52124685318966,
            "成本": 19.833994458305167,
            "性价比": 0.04470103094279884
        },
        "6": {
            "价值": 71.9206047414038,
            "成本": 40.39935788821415,
            "性价比": 0.015160637000586612
        },
        "7": {
            "价值": 169.27700392867516,
            "成本": 97.35639918727135,
            "性价比": 0.006959994470384967
        },
        "8": {
            "价值": 369.31506382888847,
            "成本": 200.0380599002133,
            "性价比": 0.003303038100164202
        },
        "9": {
            "价值": 1050.3579466748658,
            "成本": 681.0428828459774,
            "性价比": 0.0011844579643732949
        },
        "10": {
            "价值": 2708.4108169388956,
            "成本": 1658.05287026403,
            "性价比": 0.0002985429529283803
        },
        "11": {
            "价值": 6725.467349908289,
            "成本": 4017.056532969393,
            "性价比": 0.0001369161712029584
        },
        "12": {
            "价值": 15669.25124730475,
            "成本": 8943.78389739646,
            "性价比": 5.7067568476087365e-05
        },
        "13": {
            "价值": 36410.50033758416,
            "成本": 20741.249090279416,
            "性价比": 2.553607054689033e-05
        },
        "14": {
            "价值": 79729.19022944412,
            "成本": 43318.68989185997,
            "性价比": 1.1541207761547422e-05
        },
        "15": {
            "价值": 174767.99474157928,
            "成本": 95038.80451213515,
            "性价比": 5.497754340263025e-06
        },
        "16": {
            "价值": 365676.2244271643,
            "成本": 190908.22968558499,
            "性价比": 2.535249532181617e-06
        }
    }
}