{
    "当前VIP等级": 11,
    "当前公会等级": 0,
    "最佳策略": {
        "1": "0→1 使用卡片:0 成功概率：1",
        "2": "1→2 使用卡片:0 成功概率：1",
        "3": "2→3 使用卡片:0 成功概率：0.6991999999999999",
        "4": "3→4 使用卡片:3 1 成功概率：0.95335",
        "5": "4→5 使用卡片:3 3 3 四叶草等级：1 成功概率：0.9268999999999998",
        "6": "5→6 使用卡片:4 3 3 四叶草等级：1 成功概率：0.6403199999999999",
        "7": "6→7 使用卡片:5 5 5 四叶草等级：2 成功概率：0.7083999999999999",
        "8": "7→8 使用卡片:7 6 6 四叶草等级：3 成功概率：0.7924266666666665",
        "9": "8→9 使用卡片:8 7 7 四叶草等级：3 成功概率：0.6021399999999999",
        "10": "9→10 使用卡片:9 9 9 四叶草等级：4 成功概率：0.5175000000000001",
        "11": "10→11 使用卡片:10 10 10 四叶草等级：5 成功概率：0.5749999999999998",
        "12": "11→12 使用卡片:11 11 11 四叶草等级：5 成功概率：0.5336",
        "13": "12→13 使用卡片:12 12 12 四叶草等级：6 成功概率：0.553725",
        "14": "13→14 使用卡片:13 13 13 四叶草等级：6 成功概率：0.5226750000000001",
        "15": "14→15 使用卡片:14 14 14 四叶草等级：S 成功概率：0.54625",
        "16": "15→16 使用卡片:15 15 15 四叶草等级：S 成功概率：0.506"
    },
    "单张卡片的价值": {
        "1": {
            "价值": 2.0,
            "成本": 1.0,
            "性价比": 0
        },
        "2": {
            "价值": 3.0,
            "成本": 1.0,
            "性价比": 1.0
        },
        "3": {
            "价值": 4.4302059496567505,
            "成本": 1.4302059496567507,
            "性价比": 0.4888806399999999
        },
        "4": {
            "价值": 11.175059308503712,
            "成本": 6.744853358846961,
            "性价比": 0.14134480755604983
        },
        "5": {
            "价值": 29.829302321741658,
            "成本": 18.654243013237945,
            "性价比": 0.049688427417946
        },
        "6": {
            "价值": 67.36595775623881,
            "成本": 37.536655434497156,
            "性价比": 0.017058525662132628
        },
        "7": {
            "价值": 156.21429400538395,
            "成本": 88.84833624914513,
            "性价比": 0.007973137482434466
        },
        "8": {
            "价值": 365.4079957821193,
            "成本": 209.19370177673534,
            "性价比": 0.0037880044185670276
        },
        "9": {
            "价值": 823.9309708500847,
            "成本": 458.5229750679654,
            "性价比": 0.0013132166385135808
        },
        "10": {
            "价值": 2106.517386791523,
            "成本": 1282.5864159414386,
            "性价比": 0.00040348158499725487
        },
        "11": {
            "价值": 5263.685697999538,
            "成本": 3157.168311208015,
            "性价比": 0.00018212522847094897
        },
        "12": {
            "价值": 12126.888129908519,
            "成本": 6863.2024319089805,
            "性价比": 7.774796172689615e-05
        },
        "13": {
            "价值": 28267.975505779734,
            "成本": 16141.087375871215,
            "性价比": 3.4305309617971924e-05
        },
        "14": {
            "价值": 61214.18624267477,
            "成本": 32946.21073689504,
            "性价比": 1.5864495136452186e-05
        },
        "15": {
            "价值": 134660.18488006582,
            "成本": 73445.99863739105,
            "性价比": 7.437437166548464e-06
        },
        "16": {
            "价值": 279009.56296518503,
            "成本": 144349.37808511924,
            "性价比": 3.5053839975785995e-06
        }
    }
}