{
    "当前VIP等级": 5,
    "当前公会等级": 5,
    "最佳策略": {
        "1": "0→1 使用卡片:0 成功概率：1",
        "2": "1→2 使用卡片:0 成功概率：1",
        "3": "2→3 使用卡片:0 成功概率：0.7113600000000001",
        "4": "3→4 使用卡片:3 1 成功概率：0.9699300000000002",
        "5": "4→5 使用卡片:3 3 3 四叶草等级：1 成功概率：0.9430200000000001",
        "6": "5→6 使用卡片:4 3 3 四叶草等级：1 成功概率：0.651456",
        "7": "6→7 使用卡片:5 5 5 四叶草等级：2 成功概率：0.7207200000000001",
        "8": "7→8 使用卡片:7 6 6 四叶草等级：3 成功概率：0.806208",
        "9": "8→9 使用卡片:8 7 7 四叶草等级：3 成功概率：0.612612",
        "10": "9→10 使用卡片:9 9 9 四叶草等级：4 成功概率：0.5265000000000002",
        "11": "10→11 使用卡片:10 10 10 四叶草等级：5 成功概率：0.585",
        "12": "11→12 使用卡片:11 11 11 四叶草等级：5 成功概率：0.5428800000000001",
        "13": "12→13 使用卡片:12 12 12 四叶草等级：6 成功概率：0.5633550000000002",
        "14": "13→14 使用卡片:13 13 13 四叶草等级：6 成功概率：0.5317650000000003",
        "15": "14→15 使用卡片:14 14 14 四叶草等级：S 成功概率：0.5557500000000002",
        "16": "15→16 使用卡片:15 15 15 四叶草等级：S 成功概率：0.5148"
    },
    "单张卡片的价值": {
        "1": {
            "价值": 2.0,
            "成本": 1.0,
            "性价比": 0
        },
        "2": {
            "价值": 3.0,
            "成本": 1.0,
            "性价比": 1.0
        },
        "3": {
            "价值": 4.405757984705353,
            "成本": 1.405757984705353,
            "性价比": 0.5060330496000002
        },
        "4": {
            "价值": 11.010108798377836,
            "成本": 6.604350813672483,
            "性价比": 0.14686227721156608
        },
        "5": {
            "价值": 29.267700317238578,
            "成本": 18.257591518860742,
            "性价比": 0.051650843377990294
        },
        "6": {
            "价值": 65.83444429962348,
            "成本": 36.56674398238491,
            "性价比": 0.017815532066891772
        },
        "7": {
            "价值": 151.76921659178743,
            "成本": 85.93477229216396,
            "性价比": 0.008386826202898075
        },
        "8": {
            "价值": 353.22516974085147,
            "成本": 201.45595314906402,
            "性价比": 0.004001907054111524
        },
        "9": {
            "价值": 791.3780557721843,
            "成本": 438.1528860313329,
            "性价比": 0.0013981694963802916
        },
        "10": {
            "价值": 2009.169606490164,
            "成本": 1217.7915507179796,
            "性价比": 0.00043234000079043816
        },
        "11": {
            "价值": 5003.436828451391,
            "成本": 2994.267221961227,
            "性价比": 0.00019537334400529172
        },
        "12": {
            "价值": 11453.281779571771,
            "成本": 6449.844951120379,
            "性价比": 8.41694651753913e-05
        },
        "13": {
            "价值": 26627.202997018954,
            "成本": 15173.921217447183,
            "性价比": 3.71265272784102e-05
        },
        "14": {
            "价值": 57328.87048982731,
            "成本": 30701.667492808356,
            "性价比": 1.732039473505999e-05
        },
        "15": {
            "价值": 125917.94566176148,
            "成本": 68589.07517193416,
            "性价比": 8.102602325616522e-06
        },
        "16": {
            "价值": 259603.2159595395,
            "成本": 133685.270297778,
            "性价比": 3.850835614524366e-06
        }
    }
}