{
    "当前VIP等级": 6,
    "当前公会等级": 0,
    "最佳策略": {
        "1": "0→1 使用卡片:0 成功概率：1",
        "2": "1→2 使用卡片:0 成功概率：0.9416000000000001",
        "3": "2→3 使用卡片:0 成功概率：0.65056",
        "4": "3→4 使用卡片:3 1 成功概率：0.8870300000000001",
        "5": "4→5 使用卡片:3 3 3 四叶草等级：1 成功概率：0.86242",
        "6": "5→6 使用卡片:4 3 3 四叶草等级：1 成功概率：0.595776",
        "7": "6→7 使用卡片:5 4 4 四叶草等级：2 成功概率：0.527296",
        "8": "7→8 使用卡片:7 6 6 四叶草等级：3 成功概率：0.7373013333333334",
        "9": "8→9 使用卡片:8 7 7 四叶草等级：3 成功概率：0.560252",
        "10": "9→10 使用卡片:9 9 9 四叶草等级：4 成功概率：0.4815000000000001",
        "11": "10→11 使用卡片:10 10 10 四叶草等级：5 成功概率：0.5349999999999999",
        "12": "11→12 使用卡片:11 11 11 四叶草等级：5 成功概率：0.49648000000000003",
        "13": "12→13 使用卡片:12 12 12 四叶草等级：6 成功概率：0.515205",
        "14": "13→14 使用卡片:13 13 13 四叶草等级：6 成功概率：0.48631500000000016",
        "15": "14→15 使用卡片:14 14 14 四叶草等级：S 成功概率：0.5082500000000001",
        "16": "15→16 使用卡片:15 15 15 四叶草等级：S 成功概率：0.47080000000000005"
    },
    "单张卡片的价值": {
        "1": {
            "价值": 2.0,
            "成本": 1.0,
            "性价比": 0
        },
        "2": {
            "价值": 3.062022090059473,
            "成本": 1.062022090059473,
            "性价比": 0.8866105600000003
        },
        "3": {
            "价值": 4.599159325671868,
            "成本": 1.5371372356123953,
            "性价比": 0.4232283136000001
        },
        "4": {
            "价值": 12.038771656339229,
            "成本": 7.43961233066736,
            "性价比": 0.1192306750102435
        },
        "5": {
            "价值": 32.675442857164356,
            "成本": 20.636671200825123,
            "性价比": 0.041790654684924065
        },
        "6": {
            "价值": 75.03547466053168,
            "成本": 42.36003180336732,
            "性价比": 0.014064578675614687
        },
        "7": {
            "价值": 157.35853821673464,
            "成本": 82.32306355620298,
            "性价比": 0.006405203805857011
        },
        "8": {
            "价值": 392.18357669193483,
            "成本": 234.8250384752002,
            "性价比": 0.0031397901097808168
        },
        "9": {
            "价值": 903.8883915728227,
            "成本": 511.7048148808878,
            "性价比": 0.0010948734186337738
        },
        "10": {
            "价值": 2397.509486174893,
            "成本": 1493.6210946020703,
            "性价比": 0.0003223709157162654
        },
        "11": {
            "价值": 6146.780479240487,
            "成本": 3749.2709930655938,
            "性价比": 0.00014269440672320057
        },
        "12": {
            "价值": 14621.537667520784,
            "成本": 8474.757188280297,
            "性价比": 5.858338934908719e-05
        },
        "13": {
            "价值": 34768.67884061704,
            "成本": 20147.141173096254,
            "性价比": 2.557211445403409e-05
        },
        "14": {
            "价值": 77462.23942378309,
            "成本": 42693.56058316605,
            "性价比": 1.139082787561534e-05
        },
        "15": {
            "价值": 172867.9818577055,
            "成本": 95405.74243392242,
            "性价比": 5.3272474699519445e-06
        },
        "16": {
            "价值": 367180.8658506191,
            "成本": 194312.8839929136,
            "性价比": 2.4228964663875284e-06
        }
    }
}