{
    "当前VIP等级": 11,
    "当前公会等级": 5,
    "最佳策略": {
        "1": "0→1 使用卡片:0 成功概率：1",
        "2": "1→2 使用卡片:0 成功概率：1",
        "3": "2→3 使用卡片:0 成功概率：0.77216",
        "4": "3→4 使用卡片:3 成功概率：0.8712200000000001",
        "5": "4→5 使用卡片:3 成功概率：0.51181",
        "6": "5→6 使用卡片:4 3 3 四叶草等级：1 成功概率：0.707136",
        "7": "6→7 使用卡片:5 5 5 四叶草等级：2 成功概率：0.78232",
        "8": "7→8 使用卡片:7 6 6 四叶草等级：3 成功概率：0.8751146666666666",
        "9": "8→9 使用卡片:8 7 7 四叶草等级：3 成功概率：0.6649719999999999",
        "10": "9→10 使用卡片:9 9 9 四叶草等级：4 成功概率：0.5715000000000001",
        "11": "10→11 使用卡片:10 10 10 四叶草等级：5 成功概率：0.6349999999999999",
        "12": "11→12 使用卡片:11 11 11 四叶草等级：5 成功概率：0.58928",
        "13": "12→13 使用卡片:12 12 12 四叶草等级：5 成功概率：0.54356",
        "14": "13→14 使用卡片:13 13 13 四叶草等级：6 成功概率：0.5772150000000001",
        "15": "14→15 使用卡片:14 14 14 四叶草等级：6 成功概率：0.5429250000000001",
        "16": "15→16 使用卡片:15 15 15 四叶草等级：S 成功概率：0.5588"
    },
    "单张卡片的价值": {
        "1": {
            "价值": 2.0,
            "成本": 1.0,
            "性价比": 0
        },
        "2": {
            "价值": 3.0,
            "成本": 1.0,
            "性价比": 1.0
        },
        "3": {
            "价值": 4.295068379610443,
            "成本": 1.2950683796104434,
            "性价比": 0.5962310655999999
        },
        "4": {
            "价值": 9.225015327121339,
            "成本": 4.929946947510896,
            "性价比": 0.17671995444897728
        },
        "5": {
            "价值": 17.61693494496867,
            "成本": 8.391919617847332,
            "性价比": 0.060988429740380164
        },
        "6": {
            "价值": 48.46694411766278,
            "成本": 30.85000917269411,
            "性价比": 0.0229217435898171
        },
        "7": {
            "价值": 100.97788078151314,
            "成本": 52.51093666385035,
            "性价比": 0.014898229772743053
        },
        "8": {
            "价值": 242.8962870652523,
            "成本": 141.91840628373916,
            "性价比": 0.006166322534069608
        },
        "9": {
            "价值": 530.4483920505065,
            "成本": 287.5521049852542,
            "性价比": 0.002312526976751222
        },
        "10": {
            "价值": 1335.7789570585705,
            "成本": 805.3305650080641,
            "性价比": 0.0007096464791377656
        },
        "11": {
            "价值": 3400.0840876318853,
            "成本": 2064.3051305733147,
            "性价比": 0.0003076095634290473
        },
        "12": {
            "价值": 7661.834239719136,
            "成本": 4261.750152087251,
            "性价比": 0.0001382718317523593
        },
        "13": {
            "价值": 16519.729830318058,
            "成本": 8857.89559059892,
            "性价比": 6.13644622969921e-05
        },
        "14": {
            "价值": 35261.993592525825,
            "成本": 18742.263762207767,
            "性价比": 3.079750703134947e-05
        },
        "15": {
            "价值": 71882.4518984391,
            "成本": 36620.45830591328,
            "性价比": 1.4825729253976362e-05
        },
        "16": {
            "价值": 148367.63005265704,
            "成本": 76485.17815421795,
            "性价比": 7.305990696305695e-06
        }
    }
}