{
    "当前VIP等级": 9,
    "当前公会等级": 4,
    "最佳策略": {
        "1": "0→1 使用卡片:0 成功概率：1",
        "2": "1→2 使用卡片:0 成功概率：1",
        "3": "2→3 使用卡片:0 成功概率：0.72352",
        "4": "3→4 使用卡片:3 1 成功概率：0.9865100000000002",
        "5": "4→5 使用卡片:3 3 3 四叶草等级：1 成功概率：0.9591400000000001",
        "6": "5→6 使用卡片:4 3 3 四叶草等级：1 成功概率：0.6625920000000001",
        "7": "6→7 使用卡片:5 5 5 四叶草等级：2 成功概率：0.7330400000000001",
        "8": "7→8 使用卡片:7 6 6 四叶草等级：3 成功概率：0.8199893333333333",
        "9": "8→9 使用卡片:8 7 7 四叶草等级：3 成功概率：0.6230840000000001",
        "10": "9→10 使用卡片:9 9 9 四叶草等级：4 成功概率：0.5355000000000002",
        "11": "10→11 使用卡片:10 10 10 四叶草等级：5 成功概率：0.595",
        "12": "11→12 使用卡片:11 11 11 四叶草等级：5 成功概率：0.5521600000000001",
        "13": "12→13 使用卡片:12 12 12 四叶草等级：6 成功概率：0.5729850000000001",
        "14": "13→14 使用卡片:13 13 13 四叶草等级：6 成功概率：0.5408550000000002",
        "15": "14→15 使用卡片:14 14 14 四叶草等级：S 成功概率：0.5652500000000001",
        "16": "15→16 使用卡片:15 15 15 四叶草等级：S 成功概率：0.5236000000000001"
    },
    "单张卡片的价值": {
        "1": {
            "价值": 2.0,
            "成本": 1.0,
            "性价比": 0
        },
        "2": {
            "价值": 3.0,
            "成本": 1.0,
            "性价比": 1.0
        },
        "3": {
            "价值": 4.382131800088456,
            "成本": 1.3821318000884564,
            "性价比": 0.5234811904000001
        },
        "4": {
            "价值": 10.851535860958041,
            "成本": 6.469404060869586,
            "性价比": 0.1524885431050659
        },
        "5": {
            "价值": 28.728379074946996,
            "成本": 17.876843213988955,
            "性价比": 0.05365264932510319
        },
        "6": {
            "价值": 64.36991936087702,
            "成本": 35.64154028593003,
            "性价比": 0.018590442351380843
        },
        "7": {
            "价值": 147.54346887010473,
            "成本": 83.17354950922771,
            "性价比": 0.00881337882446237
        },
        "8": {
            "价值": 341.7143144215453,
            "成本": 194.17084555144058,
            "性价比": 0.004223030141340648
        },
        "9": {
            "价值": 760.8312106788242,
            "成本": 419.11689625727894,
            "性价比": 0.001486659224584241
        },
        "10": {
            "价值": 1918.6033519529183,
            "成本": 1157.772141274094,
            "性价比": 0.0004625262440765747
        },
        "11": {
            "价值": 4762.906156616151,
            "成本": 2844.3028046632326,
            "性价比": 0.00020919010417051864
        },
        "12": {
            "价值": 10835.340829925613,
            "成本": 6072.434673309463,
            "性价比": 9.092893208500738e-05
        },
        "13": {
            "价值": 25130.769063517633,
            "成本": 14295.428233592022,
            "性价比": 4.0081695395005716e-05
        },
        "14": {
            "价值": 53808.7633432693,
            "成本": 28677.994279751663,
            "性价比": 1.8859582533004246e-05
        },
        "15": {
            "价值": 118037.00823754573,
            "成本": 64228.244894276424,
            "性价比": 8.800645275772923e-06
        },
        "16": {
            "价值": 242210.60008777512,
            "成本": 124173.5918502294,
            "性价比": 4.216677573694851e-06
        }
    }
}