{
    "当前VIP等级": 6,
    "当前公会等级": 4,
    "最佳策略": {
        "1": "0→1 使用卡片:0 成功概率：1",
        "2": "1→2 使用卡片:0 成功概率：1",
        "3": "2→3 使用卡片:0 成功概率：0.6992",
        "4": "3→4 使用卡片:3 1 成功概率：0.9533500000000001",
        "5": "4→5 使用卡片:3 3 3 四叶草等级：1 成功概率：0.9269000000000001",
        "6": "5→6 使用卡片:4 3 3 四叶草等级：1 成功概率：0.64032",
        "7": "6→7 使用卡片:5 5 5 四叶草等级：2 成功概率：0.7084",
        "8": "7→8 使用卡片:7 6 6 四叶草等级：3 成功概率：0.7924266666666667",
        "9": "8→9 使用卡片:8 7 7 四叶草等级：3 成功概率：0.60214",
        "10": "9→10 使用卡片:9 9 9 四叶草等级：4 成功概率：0.5175000000000002",
        "11": "10→11 使用卡片:10 10 10 四叶草等级：5 成功概率：0.575",
        "12": "11→12 使用卡片:11 11 11 四叶草等级：5 成功概率：0.5336000000000001",
        "13": "12→13 使用卡片:12 12 12 四叶草等级：6 成功概率：0.5537250000000001",
        "14": "13→14 使用卡片:13 13 13 四叶草等级：6 成功概率：0.5226750000000002",
        "15": "14→15 使用卡片:14 14 14 四叶草等级：S 成功概率：0.5462500000000001",
        "16": "15→16 使用卡片:15 15 15 四叶草等级：S 成功概率：0.5060000000000001"
    },
    "单张卡片的价值": {
        "1": {
            "价值": 2.0,
            "成本": 1.0,
            "性价比": 0
        },
        "2": {
            "价值": 3.0,
            "成本": 1.0,
            "性价比": 1.0
        },
        "3": {
            "价值": 4.4302059496567505,
            "成本": 1.4302059496567505,
            "性价比": 0.48888064000000003
        },
        "4": {
            "价值": 11.17505930850371,
            "成本": 6.74485335884696,
            "性价比": 0.14134480755604986
        },
        "5": {
            "价值": 29.82930232174165,
            "成本": 18.65424301323794,
            "性价比": 0.04968842741794602
        },
        "6": {
            "价值": 67.3659577562388,
            "成本": 37.53665543449714,
            "性价比": 0.01705852566213264
        },
        "7": {
            "价值": 156.21429400538392,
            "成本": 88.84833624914512,
            "性价比": 0.007973137482434469
        },
        "8": {
            "价值": 365.40799578211914,
            "成本": 209.19370177673522,
            "性价比": 0.0037880044185670306
        },
        "9": {
            "价值": 823.9309708500843,
            "成本": 458.52297506796515,
            "性价比": 0.0013132166385135817
        },
        "10": {
            "价值": 2106.5173867915228,
            "成本": 1282.5864159414382,
            "性价比": 0.0004034815849972551
        },
        "11": {
            "价值": 5263.685697999537,
            "成本": 3157.168311208014,
            "性价比": 0.00018212522847094905
        },
        "12": {
            "价值": 12126.888129908517,
            "成本": 6863.20243190898,
            "性价比": 7.774796172689617e-05
        },
        "13": {
            "价值": 28267.975505779727,
            "成本": 16141.08737587121,
            "性价比": 3.4305309617971945e-05
        },
        "14": {
            "价值": 61214.186242674754,
            "成本": 32946.210736895024,
            "性价比": 1.5864495136452197e-05
        },
        "15": {
            "价值": 134660.1848800658,
            "成本": 73445.99863739102,
            "性价比": 7.437437166548468e-06
        },
        "16": {
            "价值": 279009.562965185,
            "成本": 144349.37808511918,
            "性价比": 3.505383997578602e-06
        }
    }
}