{
    "当前VIP等级": 8,
    "当前公会等级": 6,
    "最佳策略": {
        "1": "0→1 使用卡片:0 成功概率：1",
        "2": "1→2 使用卡片:0 成功概率：1",
        "3": "2→3 使用卡片:0 成功概率：0.76",
        "4": "3→4 使用卡片:3 成功概率：0.8575",
        "5": "4→5 使用卡片:3 3 3 四叶草等级：1 成功概率：1",
        "6": "5→6 使用卡片:4 3 3 四叶草等级：1 成功概率：0.696",
        "7": "6→7 使用卡片:5 5 5 四叶草等级：2 成功概率：0.77",
        "8": "7→8 使用卡片:7 6 6 四叶草等级：3 成功概率：0.8613333333333333",
        "9": "8→9 使用卡片:8 7 7 四叶草等级：3 成功概率：0.6545",
        "10": "9→10 使用卡片:9 9 9 四叶草等级：4 成功概率：0.5625000000000001",
        "11": "10→11 使用卡片:10 10 10 四叶草等级：5 成功概率：0.6249999999999999",
        "12": "11→12 使用卡片:11 11 11 四叶草等级：5 成功概率：0.5800000000000001",
        "13": "12→13 使用卡片:12 12 12 四叶草等级：5 成功概率：0.535",
        "14": "13→14 使用卡片:13 13 13 四叶草等级：6 成功概率：0.5681250000000002",
        "15": "14→15 使用卡片:14 14 14 四叶草等级：6 成功概率：0.5343750000000002",
        "16": "15→16 使用卡片:15 15 15 四叶草等级：S 成功概率：0.55"
    },
    "单张卡片的价值": {
        "1": {
            "价值": 2.0,
            "成本": 1.0,
            "性价比": 0
        },
        "2": {
            "价值": 3.0,
            "成本": 1.0,
            "性价比": 1.0
        },
        "3": {
            "价值": 4.315789473684211,
            "成本": 1.3157894736842106,
            "性价比": 0.5776
        },
        "4": {
            "价值": 9.348780113549179,
            "成本": 5.032990639864968,
            "性价比": 0.17037583841463416
        },
        "5": {
            "价值": 26.29614853460181,
            "成本": 16.94736842105263,
            "性价比": 0.05900621118012423
        },
        "6": {
            "价值": 57.877124196839745,
            "成本": 31.580975662237933,
            "性价比": 0.02203858447705346
        },
        "7": {
            "价值": 131.40428292631648,
            "成本": 73.52715872947674,
            "性价比": 0.010472320885307243
        },
        "8": {
            "价值": 301.1441057910236,
            "成本": 169.73982286470712,
            "性价比": 0.005074432851387313
        },
        "9": {
            "价值": 659.5930551160304,
            "成本": 358.44894932500677,
            "性价比": 0.0018259224953301866
        },
        "10": {
            "价值": 1637.0001112492464,
            "成本": 977.4070561332159,
            "性价比": 0.0005755022909547464
        },
        "11": {
            "价值": 4049.829019020178,
            "成本": 2412.8289077709314,
            "性价比": 0.0002590320424241767
        },
        "12": {
            "价值": 9071.561566435657,
            "成本": 5021.7325474154795,
            "性价比": 0.00011549798690464051
        },
        "13": {
            "价值": 19594.508403346656,
            "成本": 10522.946836910998,
            "性价比": 5.08412717741192e-05
        },
        "14": {
            "价值": 41585.833784489776,
            "成本": 21991.325381143117,
            "性价比": 2.5834050024431446e-05
        },
        "15": {
            "价值": 84888.48173382002,
            "成本": 43302.64794933025,
            "性价比": 1.2340469354790697e-05
        },
        "16": {
            "价值": 174011.2552143159,
            "成本": 89122.77348049586,
            "性价比": 6.171262164775036e-06
        }
    }
}