{
    "当前VIP等级": 7,
    "当前公会等级": 3,
    "最佳策略": {
        "1": "0→1 使用卡片:0 成功概率：1",
        "2": "1→2 使用卡片:0 成功概率：0.9944000000000001",
        "3": "2→3 使用卡片:0 成功概率：0.6870400000000001",
        "4": "3→4 使用卡片:3 1 成功概率：0.9367700000000002",
        "5": "4→5 使用卡片:3 3 3 四叶草等级：1 成功概率：0.91078",
        "6": "5→6 使用卡片:4 3 3 四叶草等级：1 成功概率：0.629184",
        "7": "6→7 使用卡片:5 5 5 四叶草等级：2 成功概率：0.69608",
        "8": "7→8 使用卡片:6 6 6 四叶草等级：3 成功概率：0.6787533333333334",
        "9": "8→9 使用卡片:8 8 8 四叶草等级：4 成功概率：0.8286666666666668",
        "10": "9→10 使用卡片:9 9 9 四叶草等级：4 成功概率：0.5085000000000002",
        "11": "10→11 使用卡片:10 10 10 四叶草等级：5 成功概率：0.565",
        "12": "11→12 使用卡片:11 11 11 四叶草等级：5 成功概率：0.5243200000000001",
        "13": "12→13 使用卡片:12 12 12 四叶草等级：6 成功概率：0.5440950000000001",
        "14": "13→14 使用卡片:13 13 13 四叶草等级：6 成功概率：0.5135850000000002",
        "15": "14→15 使用卡片:14 14 14 四叶草等级：S 成功概率：0.5367500000000002",
        "16": "15→16 使用卡片:15 15 15 四叶草等级：S 成功概率：0.49720000000000003"
    },
    "单张卡片的价值": {
        "1": {
            "价值": 2.0,
            "成本": 1.0,
            "性价比": 0
        },
        "2": {
            "价值": 3.005631536604988,
            "成本": 1.005631536604988,
            "性价比": 0.98883136
        },
        "3": {
            "价值": 4.461150865901681,
            "成本": 1.4555193292966928,
            "性价比": 0.47202396160000015
        },
        "4": {
            "价值": 11.358415793153492,
            "成本": 6.897264927251811,
            "性价比": 0.13581760449692523
        },
        "5": {
            "价值": 30.44475123936997,
            "成本": 19.086335446216477,
            "性价比": 0.047718955928784425
        },
        "6": {
            "价值": 69.0355569892887,
            "成本": 38.590805749918715,
            "性价比": 0.016303987122666525
        },
        "7": {
            "价值": 161.039059778104,
            "成本": 92.00350278881528,
            "性价比": 0.0075657988978721944
        },
        "8": {
            "价值": 350.06789464518255,
            "成本": 189.02883486707856,
            "性价比": 0.00359073965519927
        },
        "9": {
            "价值": 987.6441691400319,
            "成本": 637.5762744948494,
            "性价比": 0.0012997137751451276
        },
        "10": {
            "价值": 2516.1639548079665,
            "成本": 1528.519785667935,
            "性价比": 0.0003326747908453112
        },
        "11": {
            "价值": 6203.833234687929,
            "成本": 3687.6692798799622,
            "性价比": 0.00015321330551051784
        },
        "12": {
            "价值": 14295.799146920308,
            "成本": 8091.96591223238,
            "性价比": 6.479513207135505e-05
        },
        "13": {
            "价值": 33027.07742806886,
            "成本": 18731.27828114855,
            "性价比": 2.9047403590580672e-05
        },
        "14": {
            "价值": 71605.86540742643,
            "成本": 38578.787979357585,
            "性价比": 1.331262662463126e-05
        },
        "15": {
            "价值": 156325.17784610868,
            "成本": 84719.31243868223,
            "性价比": 6.335627433101357e-06
        },
        "16": {
            "价值": 324261.23284556845,
            "成本": 167936.0549994598,
            "性价比": 2.960650707208761e-06
        }
    }
}