{
    "当前VIP等级": 7,
    "当前公会等级": 5,
    "最佳策略": {
        "1": "0→1 使用卡片:0 成功概率：1",
        "2": "1→2 使用卡片:0 成功概率：1",
        "3": "2→3 使用卡片:0 成功概率：0.7296000000000001",
        "4": "3→4 使用卡片:3 1 成功概率：0.9948000000000002",
        "5": "4→5 使用卡片:3 3 3 四叶草等级：1 成功概率：0.9672000000000001",
        "6": "5→6 使用卡片:4 3 3 四叶草等级：1 成功概率：0.6681600000000001",
        "7": "6→7 使用卡片:5 5 5 四叶草等级：2 成功概率：0.7392000000000001",
        "8": "7→8 使用卡片:7 6 6 四叶草等级：3 成功概率：0.8268800000000001",
        "9": "8→9 使用卡片:8 7 7 四叶草等级：3 成功概率：0.62832",
        "10": "9→10 使用卡片:9 9 9 四叶草等级：4 成功概率：0.5400000000000001",
        "11": "10→11 使用卡片:10 10 10 四叶草等级：5 成功概率：0.6",
        "12": "11→12 使用卡片:11 11 11 四叶草等级：5 成功概率：0.5568000000000001",
        "13": "12→13 使用卡片:12 12 12 四叶草等级：6 成功概率：0.5778000000000001",
        "14": "13→14 使用卡片:13 13 13 四叶草等级：6 成功概率：0.5454000000000002",
        "15": "14→15 使用卡片:14 14 14 四叶草等级：6 成功概率：0.5130000000000002",
        "16": "15→16 使用卡片:15 15 15 四叶草等级：S 成功概率：0.5280000000000001"
    },
    "单张卡片的价值": {
        "1": {
            "价值": 2.0,
            "成本": 1.0,
            "性价比": 0
        },
        "2": {
            "价值": 3.0,
            "成本": 1.0,
            "性价比": 1.0
        },
        "3": {
            "价值": 4.370614035087719,
            "成本": 1.370614035087719,
            "性价比": 0.5323161600000003
        },
        "4": {
            "价值": 10.774528425002996,
            "成本": 6.403914389915277,
            "性价比": 0.15534248889500868
        },
        "5": {
            "价值": 28.466672867996337,
            "成本": 17.69214444299334,
            "性价比": 0.054668330519031146
        },
        "6": {
            "价值": 63.661471262360614,
            "成本": 35.19479839436428,
            "性价比": 0.01898462359446253
        },
        "7": {
            "价值": 145.5081862788804,
            "成本": 81.8467150165198,
            "性价比": 0.009031517023631324
        },
        "8": {
            "价值": 336.19521683534117,
            "成本": 190.6870305564608,
            "性价比": 0.004336320082110503
        },
        "9": {
            "价值": 746.259079592686,
            "成本": 410.06386275734485,
            "性价比": 0.001532249137427182
        },
        "10": {
            "价值": 1875.672230147437,
            "成本": 1129.413150554751,
            "性价比": 0.0004781244133156765
        },
        "11": {
            "价值": 4649.433483650834,
            "成本": 2773.7612535033973,
            "性价比": 0.0002163127771873554
        },
        "12": {
            "价值": 10545.414253685292,
            "成本": 5895.980770034457,
            "性价比": 9.443721438676708e-05
        },
        "13": {
            "价值": 24431.6313055511,
            "成本": 13886.217051865804,
            "性价比": 4.16096045338975e-05
        },
        "14": {
            "价值": 52172.12083888796,
            "成本": 27740.489533336866,
            "性价比": 1.9660792191304737e-05
        },
        "15": {
            "价值": 107909.58250954913,
            "成本": 55737.46167066118,
            "性价比": 9.20386369639848e-06
        },
        "16": {
            "价值": 221790.44973671477,
            "成本": 113880.86722716563,
            "性价比": 4.636424123349569e-06
        }
    }
}