{
    "当前VIP等级": 7,
    "当前公会等级": 1,
    "最佳策略": {
        "1": "0→1 使用卡片:0 成功概率：1",
        "2": "1→2 使用卡片:0 成功概率：0.9592",
        "3": "2→3 使用卡片:0 成功概率：0.6627200000000001",
        "4": "3→4 使用卡片:3 1 成功概率：0.9036100000000001",
        "5": "4→5 使用卡片:3 3 3 四叶草等级：1 成功概率：0.87854",
        "6": "5→6 使用卡片:4 3 3 四叶草等级：1 成功概率：0.606912",
        "7": "6→7 使用卡片:5 5 5 四叶草等级：2 成功概率：0.67144",
        "8": "7→8 使用卡片:6 6 6 四叶草等级：3 成功概率：0.6547266666666667",
        "9": "8→9 使用卡片:8 8 8 四叶草等级：4 成功概率：0.7993333333333335",
        "10": "9→10 使用卡片:9 9 9 四叶草等级：4 成功概率：0.4905000000000001",
        "11": "10→11 使用卡片:10 10 10 四叶草等级：5 成功概率：0.5449999999999999",
        "12": "11→12 使用卡片:11 11 11 四叶草等级：5 成功概率：0.5057600000000001",
        "13": "12→13 使用卡片:12 12 12 四叶草等级：6 成功概率：0.524835",
        "14": "13→14 使用卡片:13 13 13 四叶草等级：6 成功概率：0.49540500000000015",
        "15": "14→15 使用卡片:14 14 14 四叶草等级：S 成功概率：0.5177500000000002",
        "16": "15→16 使用卡片:15 15 15 四叶草等级：S 成功概率：0.4796"
    },
    "单张卡片的价值": {
        "1": {
            "价值": 2.0,
            "成本": 1.0,
            "性价比": 0
        },
        "2": {
            "价值": 3.042535446205171,
            "成本": 1.042535446205171,
            "性价比": 0.92006464
        },
        "3": {
            "价值": 4.55146832887055,
            "成本": 1.508932882665379,
            "性价比": 0.43919779840000006
        },
        "4": {
            "价值": 11.801795714435727,
            "成本": 7.250327385565177,
            "性价比": 0.12463023418763346
        },
        "5": {
            "价值": 31.89695926602319,
            "成本": 20.095163551587465,
            "性价比": 0.043718977342217136
        },
        "6": {
            "价值": 72.9321214842308,
            "成本": 41.03516221820762,
            "性价比": 0.014790047539539358
        },
        "7": {
            "价值": 172.18329968167137,
            "成本": 99.25117819744055,
            "性价比": 0.006765058230989492
        },
        "8": {
            "价值": 376.1278141225157,
            "成本": 203.94451444084436,
            "性价比": 0.00321031761242382
        },
        "9": {
            "价值": 1072.7341390474671,
            "成本": 696.6063249249514,
            "性价比": 0.0011474678089083519
        },
        "10": {
            "价值": 2777.629458279087,
            "成本": 1704.8953192316199,
            "性价比": 0.00028770094824417947
        },
        "11": {
            "价值": 6914.680378229161,
            "成本": 4137.050919950074,
            "性价比": 0.00013173635291068088
        },
        "12": {
            "价值": 16171.547504297932,
            "成本": 9256.867126068772,
            "性价比": 5.463619528206272e-05
        },
        "13": {
            "价值": 37656.36760279807,
            "成本": 21484.82009850014,
            "性价比": 2.4428177550187582e-05
        },
        "14": {
            "价值": 82742.86458017069,
            "成本": 45086.496977372626,
            "性价比": 1.0987879591724037e-05
        },
        "15": {
            "价值": 181652.09199561755,
            "成本": 98909.22741544688,
            "性价比": 5.234597555042089e-06
        },
        "16": {
            "价值": 381239.9229838856,
            "成本": 199587.83098826808,
            "性价比": 2.4029521119861824e-06
        }
    }
}