{
    "当前VIP等级": 12,
    "当前公会等级": 1,
    "最佳策略": {
        "1": "0→1 使用卡片:0 成功概率：1",
        "2": "1→2 使用卡片:0 成功概率：1",
        "3": "2→3 使用卡片:0 成功概率：0.71744",
        "4": "3→4 使用卡片:3 1 成功概率：0.97822",
        "5": "4→5 使用卡片:3 3 3 四叶草等级：1 成功概率：0.9510799999999999",
        "6": "5→6 使用卡片:4 3 3 四叶草等级：1 成功概率：0.6570239999999999",
        "7": "6→7 使用卡片:5 5 5 四叶草等级：2 成功概率：0.72688",
        "8": "7→8 使用卡片:7 6 6 四叶草等级：3 成功概率：0.8130986666666665",
        "9": "8→9 使用卡片:8 7 7 四叶草等级：3 成功概率：0.617848",
        "10": "9→10 使用卡片:9 9 9 四叶草等级：4 成功概率：0.531",
        "11": "10→11 使用卡片:10 10 10 四叶草等级：5 成功概率：0.5899999999999999",
        "12": "11→12 使用卡片:11 11 11 四叶草等级：5 成功概率：0.54752",
        "13": "12→13 使用卡片:12 12 12 四叶草等级：6 成功概率：0.5681700000000001",
        "14": "13→14 使用卡片:13 13 13 四叶草等级：6 成功概率：0.5363100000000002",
        "15": "14→15 使用卡片:14 14 14 四叶草等级：S 成功概率：0.5605000000000001",
        "16": "15→16 使用卡片:15 15 15 四叶草等级：S 成功概率：0.5192"
    },
    "单张卡片的价值": {
        "1": {
            "价值": 2.0,
            "成本": 1.0,
            "性价比": 0
        },
        "2": {
            "价值": 3.0,
            "成本": 1.0,
            "性价比": 1.0
        },
        "3": {
            "价值": 4.3938447814451385,
            "成本": 1.3938447814451382,
            "性价比": 0.5147201536
        },
        "4": {
            "价值": 10.930048070526468,
            "成本": 6.53620328908133,
            "性价比": 0.14966180773999302
        },
        "5": {
            "价值": 28.995336315821728,
            "成本": 18.06528824529526,
            "性价比": 0.0526468211902287
        },
        "6": {
            "价值": 65.0940749211341,
            "成本": 36.09873860531236,
            "性价比": 0.01820074676801341
        },
        "7": {
            "价值": 149.62987853682458,
            "成本": 84.53580361569048,
            "性价比": 0.008598486900349115
        },
        "8": {
            "价值": 347.38895258550826,
            "成本": 197.75907404868366,
            "性价比": 0.004111561861715132
        },
        "9": {
            "价值": 775.8643347232253,
            "成本": 428.475382137717,
            "性价比": 0.0014419684905057541
        },
        "10": {
            "价值": 1963.078083781765,
            "成本": 1187.2137490585396,
            "性价比": 0.00044726570966776874
        },
        "11": {
            "价值": 4880.830724278978,
            "成本": 2917.752640497213,
            "性价比": 0.0002022104244928241
        },
        "12": {
            "价值": 11137.731239277178,
            "成本": 6256.9005149981995,
            "性价比": 8.750658551906951e-05
        },
        "13": {
            "价值": 25861.988343516517,
            "成本": 14724.257104239341,
            "性价比": 3.8587345764046404e-05
        },
        "14": {
            "价值": 55525.97379776102,
            "成本": 29663.985454244506,
            "性价比": 1.8079499156552535e-05
        },
        "15": {
            "价值": 121876.77948659868,
            "成本": 66350.80568883766,
            "性价比": 8.447523646186775e-06
        },
        "16": {
            "价值": 250672.29445921307,
            "成本": 128795.51497261439,
            "性价比": 4.031196273491331e-06
        }
    }
}