{
    "当前VIP等级": 1,
    "当前公会等级": 6,
    "最佳策略": {
        "1": "0→1 使用卡片:0 成功概率：1",
        "2": "1→2 使用卡片:0 成功概率：1",
        "3": "2→3 使用卡片:0 成功概率：0.7052799999999999",
        "4": "3→4 使用卡片:3 1 成功概率：0.96164",
        "5": "4→5 使用卡片:3 3 3 四叶草等级：1 成功概率：0.9349599999999999",
        "6": "5→6 使用卡片:4 3 3 四叶草等级：1 成功概率：0.6458879999999999",
        "7": "6→7 使用卡片:5 5 5 四叶草等级：2 成功概率：0.71456",
        "8": "7→8 使用卡片:7 6 6 四叶草等级：3 成功概率：0.7993173333333332",
        "9": "8→9 使用卡片:8 7 7 四叶草等级：3 成功概率：0.6073759999999999",
        "10": "9→10 使用卡片:9 9 9 四叶草等级：4 成功概率：0.522",
        "11": "10→11 使用卡片:10 10 10 四叶草等级：5 成功概率：0.5799999999999998",
        "12": "11→12 使用卡片:11 11 11 四叶草等级：5 成功概率：0.5382399999999999",
        "13": "12→13 使用卡片:12 12 12 四叶草等级：6 成功概率：0.55854",
        "14": "13→14 使用卡片:13 13 13 四叶草等级：6 成功概率：0.5272200000000001",
        "15": "14→15 使用卡片:14 14 14 四叶草等级：S 成功概率：0.551",
        "16": "15→16 使用卡片:15 15 15 四叶草等级：S 成功概率：0.5104"
    },
    "单张卡片的价值": {
        "1": {
            "价值": 2.0,
            "成本": 1.0,
            "性价比": 0
        },
        "2": {
            "价值": 3.0,
            "成本": 1.0,
            "性价比": 1.0
        },
        "3": {
            "价值": 4.4178765880217785,
            "成本": 1.4178765880217787,
            "性价比": 0.4974198783999999
        },
        "4": {
            "价值": 11.091763477108941,
            "成本": 6.673886889087162,
            "性价比": 0.14408994578143516
        },
        "5": {
            "价值": 29.54563290902618,
            "成本": 18.453869431917237,
            "性价比": 0.0506647130808741
        },
        "6": {
            "价值": 66.59155519455014,
            "成本": 37.045922285523964,
            "性价比": 0.017434793363273523
        },
        "7": {
            "价值": 153.9633656316607,
            "成本": 87.37181043711057,
            "性价比": 0.008178381521741886
        },
        "8": {
            "价值": 359.2293010002759,
            "成本": 205.26593536861515,
            "性价比": 0.003894057393877482
        },
        "9": {
            "价值": 807.3930178318165,
            "成本": 448.1637168315405,
            "性价比": 0.0013552547365816886
        },
        "10": {
            "价值": 2056.955369744027,
            "成本": 1249.5623519122103,
            "性价比": 0.00041774626068173497
        },
        "11": {
            "价值": 5130.968592948295,
            "成本": 3074.0132232042674,
            "性价比": 0.00018867843365859817
        },
        "12": {
            "价值": 11782.735937783484,
            "成本": 6651.76734483519,
            "性价比": 8.091684090814151e-05
        },
        "13": {
            "价值": 27428.46489187352,
            "成本": 15645.728954090036,
            "性价比": 3.569919954761769e-05
        },
        "14": {
            "价值": 59222.962870807234,
            "成本": 31794.497978933716,
            "性价比": 1.658211431265006e-05
        },
        "15": {
            "价值": 130174.15961040871,
            "成本": 70951.19673960147,
            "性价比": 7.765901426895297e-06
        },
        "16": {
            "价值": 269036.8551942314,
            "成本": 138862.6955838227,
            "性价比": 3.6755731829496535e-06
        }
    }
}