{
    "当前VIP等级": 5,
    "当前公会等级": 6,
    "最佳策略": {
        "1": "0→1 使用卡片:0 成功概率：1",
        "2": "1→2 使用卡片:0 成功概率：1",
        "3": "2→3 使用卡片:0 成功概率：0.73568",
        "4": "3→4 使用卡片:3 成功概率：0.83006",
        "5": "4→5 使用卡片:3 3 3 四叶草等级：1 成功概率：0.9752599999999999",
        "6": "5→6 使用卡片:4 3 3 四叶草等级：1 成功概率：0.6737279999999999",
        "7": "6→7 使用卡片:5 5 5 四叶草等级：2 成功概率：0.74536",
        "8": "7→8 使用卡片:7 6 6 四叶草等级：3 成功概率：0.8337706666666665",
        "9": "8→9 使用卡片:8 7 7 四叶草等级：3 成功概率：0.6335559999999999",
        "10": "9→10 使用卡片:9 9 9 四叶草等级：4 成功概率：0.5445000000000001",
        "11": "10→11 使用卡片:10 10 10 四叶草等级：5 成功概率：0.6049999999999999",
        "12": "11→12 使用卡片:11 11 11 四叶草等级：5 成功概率：0.56144",
        "13": "12→13 使用卡片:12 12 12 四叶草等级：6 成功概率：0.582615",
        "14": "13→14 使用卡片:13 13 13 四叶草等级：6 成功概率：0.5499450000000001",
        "15": "14→15 使用卡片:14 14 14 四叶草等级：6 成功概率：0.5172750000000002",
        "16": "15→16 使用卡片:15 15 15 四叶草等级：S 成功概率：0.5324"
    },
    "单张卡片的价值": {
        "1": {
            "价值": 2.0,
            "成本": 1.0,
            "性价比": 0
        },
        "2": {
            "价值": 3.0,
            "成本": 1.0,
            "性价比": 1.0
        },
        "3": {
            "价值": 4.359286646367986,
            "成本": 1.359286646367986,
            "性价比": 0.5412250624
        },
        "4": {
            "价值": 9.611059586116902,
            "成本": 5.251772939748917,
            "性价比": 0.1580532916260627
        },
        "5": {
            "价值": 27.12214374737027,
            "成本": 17.51108416125337,
            "性价比": 0.055693867439570055
        },
        "6": {
            "价值": 60.265538231276054,
            "成本": 33.14339448390579,
            "性价比": 0.020327670429990438
        },
        "7": {
            "价值": 138.20696409996077,
            "成本": 77.94142586868473,
            "性价比": 0.009563078833787032
        },
        "8": {
            "价值": 319.7644283365124,
            "成本": 181.55746423655165,
            "性价比": 0.004592323814240679
        },
        "9": {
            "价值": 708.5939853975356,
            "成本": 388.8295570610232,
            "性价比": 0.0016293925924478244
        },
        "10": {
            "价值": 1780.710147434886,
            "成本": 1072.1161620373505,
            "性价比": 0.0005078740711876618
        },
        "11": {
            "价值": 4428.797775181552,
            "成本": 2648.0876277466664,
            "性价比": 0.00022846675980840245
        },
        "12": {
            "价值": 10033.371098733469,
            "成本": 5604.5733235519165,
            "性价比": 0.00010017533317668964
        },
        "13": {
            "价值": 23296.74133159232,
            "成本": 13263.370232858848,
            "性价比": 4.392661818009286e-05
        },
        "14": {
            "价值": 49683.45205229834,
            "成本": 26386.71072070602,
            "性价比": 2.0841741353099026e-05
        },
        "15": {
            "价值": 102481.8558402424,
            "成本": 52798.40378794406,
            "性价比": 9.797171181112757e-06
        },
        "16": {
            "价值": 210500.830869577,
            "成本": 108018.97502933462,
            "性价比": 4.928763671895763e-06
        }
    }
}