{
    "当前VIP等级": 0,
    "当前公会等级": 1,
    "最佳策略": {
        "1": "0→1 使用卡片:0 成功概率：1",
        "2": "1→2 使用卡片:0 成功概率：0.8888",
        "3": "2→3 使用卡片:0 成功概率：0.61408",
        "4": "3→4 使用卡片:3 1 1 成功概率：0.9817200000000001",
        "5": "4→5 使用卡片:3 3 3 四叶草等级：1 成功概率：0.8140599999999999",
        "6": "5→6 使用卡片:4 3 3 四叶草等级：1 成功概率：0.562368",
        "7": "6→7 使用卡片:5 4 4 四叶草等级：2 成功概率：0.49772799999999995",
        "8": "7→8 使用卡片:7 6 6 四叶草等级：3 成功概率：0.6959573333333333",
        "9": "8→9 使用卡片:8 7 7 四叶草等级：4 成功概率：0.62216",
        "10": "9→10 使用卡片:9 9 9 四叶草等级：5 成功概率：0.5454",
        "11": "10→11 使用卡片:10 10 10 四叶草等级：5 成功概率：0.5049999999999999",
        "12": "11→12 使用卡片:11 11 11 四叶草等级：5 成功概率：0.46864",
        "13": "12→13 使用卡片:12 12 12 四叶草等级：6 成功概率：0.48631500000000005",
        "14": "13→14 使用卡片:13 13 13 四叶草等级：6 成功概率：0.45904500000000015",
        "15": "14→15 使用卡片:14 14 14 四叶草等级：S 成功概率：0.4797500000000001",
        "16": "15→16 使用卡片:15 15 15 四叶草等级：S 成功概率：0.4444"
    },
    "单张卡片的价值": {
        "1": {
            "价值": 2.0,
            "成本": 1.0,
            "性价比": 0
        },
        "2": {
            "价值": 3.125112511251125,
            "成本": 1.125112511251125,
            "性价比": 0.78996544
        },
        "3": {
            "价值": 4.753564830167227,
            "成本": 1.6284523189161022,
            "性价比": 0.37709424639999994
        },
        "4": {
            "价值": 13.670124368698811,
            "成本": 8.916559538531585,
            "性价比": 0.11010076204366082
        },
        "5": {
            "价值": 36.1017565463045,
            "成本": 22.431632177605685,
            "性价比": 0.03629071632213663
        },
        "6": {
            "价值": 84.42821542915927,
            "成本": 48.326458882854766,
            "性价比": 0.01163685511001752
        },
        "7": {
            "价值": 179.6603024561319,
            "成本": 95.23208702697262,
            "性价比": 0.0052264737184540356
        },
        "8": {
            "价值": 454.8181601465863,
            "成本": 275.1578576904544,
            "性价比": 0.0025293020492849873
        },
        "9": {
            "价值": 1165.7848485968887,
            "成本": 710.9666884503024,
            "性价比": 0.0008750902258952881
        },
        "10": {
            "价值": 3495.3908922249248,
            "成本": 2329.606043628036,
            "性价比": 0.0002341168376909839
        },
        "11": {
            "价值": 8890.54170768485,
            "成本": 5395.150815459924,
            "性价比": 9.360257336141766e-05
        },
        "12": {
            "价值": 21484.255858753386,
            "成本": 12593.714151068536,
            "性价比": 3.721221510814087e-05
        },
        "13": {
            "价值": 50986.36977643386,
            "成本": 29502.113917680475,
            "性价比": 1.6484073017850894e-05
        },
        "14": {
            "价值": 115467.73974749802,
            "成本": 64481.36997106417,
            "性价比": 7.119032989001246e-06
        },
        "15": {
            "价值": 257350.56436656066,
            "成本": 141882.82461906262,
            "性价比": 3.3813113129659493e-06
        },
        "16": {
            "价值": 554964.4984460366,
            "成本": 297613.93407947593,
            "性价比": 1.4932096555711864e-06
        }
    }
}