{
    "当前VIP等级": 12,
    "当前公会等级": 5,
    "最佳策略": {
        "1": "0→1 使用卡片:0 成功概率：1",
        "2": "1→2 使用卡片:0 成功概率：1",
        "3": "2→3 使用卡片:0 成功概率：0.78432",
        "4": "3→4 使用卡片:3 成功概率：0.8849400000000001",
        "5": "4→5 使用卡片:3 成功概率：0.51987",
        "6": "5→6 使用卡片:4 3 3 四叶草等级：1 成功概率：0.718272",
        "7": "6→7 使用卡片:5 5 5 四叶草等级：2 成功概率：0.79464",
        "8": "7→8 使用卡片:7 6 6 四叶草等级：3 成功概率：0.8888959999999999",
        "9": "8→9 使用卡片:8 7 7 四叶草等级：3 成功概率：0.6754439999999999",
        "10": "9→10 使用卡片:9 9 9 四叶草等级：4 成功概率：0.5805000000000001",
        "11": "10→11 使用卡片:10 10 10 四叶草等级：5 成功概率：0.6449999999999999",
        "12": "11→12 使用卡片:11 11 11 四叶草等级：5 成功概率：0.5985600000000001",
        "13": "12→13 使用卡片:12 12 12 四叶草等级：5 成功概率：0.55212",
        "14": "13→14 使用卡片:13 13 13 四叶草等级：6 成功概率：0.5863050000000002",
        "15": "14→15 使用卡片:14 14 14 四叶草等级：6 成功概率：0.5514750000000002",
        "16": "15→16 使用卡片:15 15 15 四叶草等级：S 成功概率：0.5676"
    },
    "单张卡片的价值": {
        "1": {
            "价值": 2.0,
            "成本": 1.0,
            "性价比": 0
        },
        "2": {
            "价值": 3.0,
            "成本": 1.0,
            "性价比": 1.0
        },
        "3": {
            "价值": 4.274989800081599,
            "成本": 1.2749898000815993,
            "性价比": 0.6151578624
        },
        "4": {
            "价值": 9.105814262849243,
            "成本": 4.8308244627676435,
            "性价比": 0.18318612212479485
        },
        "5": {
            "价值": 17.3290042912825,
            "成本": 8.22319002843326,
            "性价比": 0.06321999105000001
        },
        "6": {
            "价值": 47.47885541037449,
            "成本": 30.149851119091988,
            "性价比": 0.02382340122220915
        },
        "7": {
            "价值": 98.52708848759053,
            "成本": 51.04823307721604,
            "性价比": 0.015566454548936494
        },
        "8": {
            "价值": 236.01958257430778,
            "成本": 137.49249408671724,
            "性价比": 0.006465051099003037
        },
        "9": {
            "价值": 512.7605589973269,
            "成本": 276.74097642301916,
            "性价比": 0.002440708306844786
        },
        "10": {
            "价值": 1284.4783934280701,
            "成本": 771.7178344307432,
            "性价比": 0.0007522179404188648
        },
        "11": {
            "价值": 3264.713381508159,
            "成本": 1980.2349880800884,
            "性价比": 0.0003257189191598677
        },
        "12": {
            "价值": 7320.7276056651845,
            "成本": 4056.014224157025,
            "性价比": 0.00014757344696551225
        },
        "13": {
            "价值": 15684.127302408588,
            "成本": 8363.399696743403,
            "性价比": 6.601621589543165e-05
        },
        "14": {
            "价值": 33359.19385691367,
            "成本": 17675.06655450508,
            "性价比": 3.317130366621227e-05
        },
        "15": {
            "价值": 67634.44822926295,
            "成本": 34275.25437234929,
            "性价比": 1.608959612696234e-05
        },
        "16": {
            "价值": 139321.44210444667,
            "成本": 71686.99387518372,
            "性价比": 7.917754244072008e-06
        }
    }
}