{
    "当前VIP等级": 13,
    "当前公会等级": 6,
    "最佳策略": {
        "1": "0→1 使用卡片:0 成功概率：1",
        "2": "1→2 使用卡片:0 成功概率：1",
        "3": "2→3 使用卡片:0 成功概率：0.8207999999999999",
        "4": "3→4 使用卡片:3 成功概率：0.9261",
        "5": "4→5 使用卡片:3 成功概率：0.54405",
        "6": "5→6 使用卡片:4 3 3 四叶草等级：1 成功概率：0.7516799999999999",
        "7": "6→7 使用卡片:5 5 5 四叶草等级：2 成功概率：0.8315999999999999",
        "8": "7→8 使用卡片:7 6 6 四叶草等级：3 成功概率：0.9302399999999998",
        "9": "8→9 使用卡片:8 7 7 四叶草等级：3 成功概率：0.7068599999999998",
        "10": "9→10 使用卡片:9 9 9 四叶草等级：4 成功概率：0.6075",
        "11": "10→11 使用卡片:10 10 10 四叶草等级：5 成功概率：0.6749999999999998",
        "12": "11→12 使用卡片:11 11 11 四叶草等级：5 成功概率：0.6264",
        "13": "12→13 使用卡片:12 12 12 四叶草等级：5 成功概率：0.5778",
        "14": "13→14 使用卡片:13 13 13 四叶草等级：6 成功概率：0.6135750000000001",
        "15": "14→15 使用卡片:14 14 14 四叶草等级：6 成功概率：0.5771250000000001",
        "16": "15→16 使用卡片:15 15 15 四叶草等级：S 成功概率：0.594"
    },
    "单张卡片的价值": {
        "1": {
            "价值": 2.0,
            "成本": 1.0,
            "性价比": 0
        },
        "2": {
            "价值": 3.0,
            "成本": 1.0,
            "性价比": 1.0
        },
        "3": {
            "价值": 4.218323586744639,
            "成本": 1.2183235867446396,
            "性价比": 0.6737126399999998
        },
        "4": {
            "价值": 8.773256732997353,
            "成本": 4.554933146252715,
            "性价比": 0.2033180225184843
        },
        "5": {
            "价值": 16.52681538890148,
            "成本": 7.753558655904125,
            "性价比": 0.07016778025993531
        },
        "6": {
            "价值": 44.74348193116232,
            "成本": 28.216666542260846,
            "性价比": 0.02663957483688546
        },
        "7": {
            "价值": 91.79623760306598,
            "成本": 47.05275567190365,
            "性价比": 0.01767377889190385
        },
        "8": {
            "价值": 217.3163235701955,
            "成本": 125.52008596712953,
            "性价比": 0.007411084790394469
        },
        "9": {
            "价值": 465.17968204314855,
            "成本": 247.86335847295308,
            "性价比": 0.002851813210128566
        },
        "10": {
            "价值": 1148.292512143096,
            "成本": 683.1128300999475,
            "性价比": 0.0008893113600444536
        },
        "11": {
            "价值": 2908.44370491776,
            "成本": 1760.151192774664,
            "性价比": 0.00038348978358838855
        },
        "12": {
            "价值": 6432.962540670964,
            "成本": 3524.5188357532043,
            "性价比": 0.00017772638739952588
        },
        "13": {
            "价值": 13536.412729005599,
            "成本": 7103.450188334636,
            "性价比": 8.13407547995296e-05
        },
        "14": {
            "价值": 28518.524022746446,
            "成本": 14982.111293740849,
            "性价比": 4.095384074848893e-05
        },
        "15": {
            "价值": 56949.63075911817,
            "成本": 28431.106736371723,
            "性价比": 2.0299069091872106e-05
        },
        "16": {
            "价值": 116768.32973683931,
            "成本": 59818.69897772115,
            "性价比": 9.930005335308765e-06
        }
    }
}