{
    "当前VIP等级": 12,
    "当前公会等级": 6,
    "最佳策略": {
        "1": "0→1 使用卡片:0 成功概率：1",
        "2": "1→2 使用卡片:0 成功概率：1",
        "3": "2→3 使用卡片:0 成功概率：0.8086399999999999",
        "4": "3→4 使用卡片:3 成功概率：0.91238",
        "5": "4→5 使用卡片:3 成功概率：0.53599",
        "6": "5→6 使用卡片:4 3 3 四叶草等级：1 成功概率：0.7405439999999999",
        "7": "6→7 使用卡片:5 5 5 四叶草等级：2 成功概率：0.8192799999999999",
        "8": "7→8 使用卡片:7 6 6 四叶草等级：3 成功概率：0.9164586666666665",
        "9": "8→9 使用卡片:8 7 7 四叶草等级：3 成功概率：0.6963879999999999",
        "10": "9→10 使用卡片:9 9 9 四叶草等级：4 成功概率：0.5985",
        "11": "10→11 使用卡片:10 10 10 四叶草等级：5 成功概率：0.6649999999999998",
        "12": "11→12 使用卡片:11 11 11 四叶草等级：5 成功概率：0.61712",
        "13": "12→13 使用卡片:12 12 12 四叶草等级：5 成功概率：0.56924",
        "14": "13→14 使用卡片:13 13 13 四叶草等级：6 成功概率：0.604485",
        "15": "14→15 使用卡片:14 14 14 四叶草等级：6 成功概率：0.568575",
        "16": "15→16 使用卡片:15 15 15 四叶草等级：S 成功概率：0.5851999999999999"
    },
    "单张卡片的价值": {
        "1": {
            "价值": 2.0,
            "成本": 1.0,
            "性价比": 0
        },
        "2": {
            "价值": 3.0,
            "成本": 1.0,
            "性价比": 1.0
        },
        "3": {
            "价值": 4.236644242184409,
            "成本": 1.2366442421844086,
            "性价比": 0.6538986495999998
        },
        "4": {
            "价值": 8.880152695004954,
            "成本": 4.643508452820545,
            "性价比": 0.19648505203986547
        },
        "5": {
            "价值": 16.78448718293273,
            "成本": 7.904334487927777,
            "性价比": 0.06780963037667662
        },
        "6": {
            "价值": 45.61929129906056,
            "成本": 28.834804116127838,
            "性价比": 0.025682296887385474
        },
        "7": {
            "价值": 93.94257164204247,
            "成本": 48.3232803429819,
            "性价比": 0.016954147031928178
        },
        "8": {
            "价值": 223.25090774496522,
            "成本": 129.30833610292274,
            "性价比": 0.007087390452052626
        },
        "9": {
            "价值": 480.19198960005684,
            "成本": 256.9410818550916,
            "性价比": 0.002710302280087485
        },
        "10": {
            "价值": 1190.969148920007,
            "成本": 710.7771593199501,
            "性价比": 0.0008420360617280197
        },
        "11": {
            "价值": 3019.5990462442724,
            "成本": 1828.6298973242651,
            "性价比": 0.0003636602469275266
        },
        "12": {
            "价值": 6708.348398001963,
            "成本": 3688.7493517576904,
            "性价比": 0.00016729789453055196
        },
        "13": {
            "价值": 14198.294824081342,
            "成本": 7489.946426079378,
            "性价比": 7.600054361109354e-05
        },
        "14": {
            "价值": 30002.361450763558,
            "成本": 15804.066626682214,
            "性价比": 3.8248699798534134e-05
        },
        "15": {
            "价值": 60205.400372747215,
            "成本": 30203.038921983654,
            "性价比": 1.882509245075189e-05
        },
        "16": {
            "价值": 123608.96559544743,
            "成本": 63403.565222700214,
            "性价比": 9.22976488695122e-06
        }
    }
}