{
    "punishment_factors": {
        "1": 1.0,
        "2": 1.0,
        "3": 1.0,
        "4": 1.0,
        "5": 1.0,
        "6": 1.0,
        "7": 0.5966576,
        "8": 0.446886,
        "9": 0.3643199999999999,
        "10": 0.23112337500000002,
        "11": 0.21820546875,
        "12": 0.20584526250000001,
        "13": 0.19270365625,
        "14": 0.18163974140625,
        "15": 0.17171476367187496,
        "16": 0.160889678125
    },
    "theoretical_costs": {
        "1": 1.0,
        "2": 1.0,
        "3": 2.066115702479339,
        "4": 5.830903790087463,
        "5": 16.161616161616163,
        "6": 40.4040404040404,
        "7": 100.31347962382445,
        "8": 242.4242424242424,
        "9": 581.8181818181819,
        "10": 1896.296296296296,
        "11": 4096.0,
        "12": 8827.58620689655,
        "13": 19140.18691588785,
        "14": 40554.455445544554,
        "15": 86231.57894736843,
        "16": 186181.8181818182
    },
    "simulated_costs": {
        "1": 1.0,
        "2": 1.0,
        "3": 2.066115702479339,
        "4": 5.830903790087463,
        "5": 16.161616161616163,
        "6": 40.4040404040404,
        "7": 59.8528,
        "8": 108.336,
        "9": 211.968,
        "10": 438.2784,
        "11": 893.7696,
        "12": 1817.1168,
        "13": 3688.384,
        "14": 7366.3008,
        "15": 14807.2352,
        "16": 29954.7328
    },
    "avg_attempts": {
        "1": 1.0,
        "2": 1.0,
        "3": 1.0330578512396695,
        "4": 1.4577259475218658,
        "5": 2.0202020202020203,
        "6": 2.525252525252525,
        "7": 2.7408,
        "8": 3.0274,
        "9": 3.3472,
        "10": 3.8448,
        "11": 4.3882,
        "12": 4.8984,
        "13": 5.3912,
        "14": 5.8208,
        "15": 6.2224,
        "16": 6.7068
    }
}