{
    "当前VIP等级": 13,
    "当前公会等级": 5,
    "最佳策略": {
        "1": "0→1 使用卡片:0 成功概率：1",
        "2": "1→2 使用卡片:0 成功概率：1",
        "3": "2→3 使用卡片:0 成功概率：0.79648",
        "4": "3→4 使用卡片:1 成功概率：0.56199",
        "5": "4→5 使用卡片:3 成功概率：0.52793",
        "6": "5→6 使用卡片:3 成功概率：0.26331000000000004",
        "7": "6→7 使用卡片:5 四叶草等级：1 成功概率：0.41500800000000004",
        "8": "7→8 使用卡片:6 四叶草等级：1 成功概率：0.33326399999999995",
        "9": "8→9 使用卡片:7 四叶草等级：2 成功概率：0.242088",
        "10": "9→10 使用卡片:9 四叶草等级：4 成功概率：0.3537",
        "11": "10→11 使用卡片:8 四叶草等级：3 成功概率：0.040086",
        "12": "11→12 使用卡片:9 四叶草等级：4 成功概率：0.04454",
        "13": "12→13 使用卡片:10 四叶草等级：5 成功概率：0.050303999999999995",
        "14": "13→14 使用卡片:12 四叶草等级：6 成功概率：0.14148000000000002",
        "15": "14→15 使用卡片:12 四叶草等级：6 成功概率：0.045981",
        "16": "15→16 使用卡片:15 四叶草等级：SSS 成功概率：0.415008"
    },
    "单张卡片的价值": {
        "1": {
            "价值": 2.0,
            "成本": 1.0
        },
        "2": {
            "价值": 3.0,
            "成本": 1.0
        },
        "3": {
            "价值": 4.255524306950583,
            "成本": 1.2555243069505826
        },
        "4": {
            "价值": 7.814306491686966,
            "成本": 3.5587821847363834
        },
        "5": {
            "价值": 15.875080281679168,
            "成本": 8.0607737899922
        },
        "6": {
            "价值": 32.03673121385258,
            "成本": 16.161650932173416
        },
        "7": {
            "价值": 75.10838352339641,
            "成本": 43.07165230954383
        },
        "8": {
            "价值": 177.2398205038461,
            "成本": 102.13143698044969
        },
        "9": {
            "价值": 520.538057192143,
            "成本": 343.29823668829687
        },
        "10": {
            "价值": 2354.120350638971,
            "成本": 1833.5822934468279
        },
        "11": {
            "价值": 7573.8933512837375,
            "成本": 5219.773000644766
        },
        "12": {
            "价值": 22134.6939168909,
            "成本": 14560.800565607162
        },
        "13": {
            "价值": 79110.68689237937,
            "成本": 56975.99297548846
        },
        "14": {
            "价值": 250037.27663574167,
            "成本": 170926.5897433623
        },
        "15": {
            "价值": 775965.2450768566,
            "成本": 525927.9684411149
        },
        "16": {
            "价值": 2961555.029073446,
            "成本": 2185589.7839965895
        }
    }
}