{
    "当前VIP等级": 11,
    "当前公会等级": 0,
    "最佳策略": {
        "1": "0→1 使用卡片:0 成功概率：1",
        "2": "1→2 使用卡片:0 成功概率：1",
        "3": "2→3 使用卡片:0 成功概率：0.6991999999999999",
        "4": "3→4 使用卡片:1 成功概率：0.49334999999999996",
        "5": "4→5 使用卡片:3 成功概率：0.46345",
        "6": "5→6 使用卡片:3 成功概率：0.23115",
        "7": "6→7 使用卡片:5 四叶草等级：1 成功概率：0.36432",
        "8": "7→8 使用卡片:6 四叶草等级：2 成功概率：0.3413199999999999",
        "9": "8→9 使用卡片:6 四叶草等级：2 成功概率：0.09659999999999998",
        "10": "9→10 使用卡片:9 四叶草等级：4 成功概率：0.3105",
        "11": "10→11 使用卡片:8 四叶草等级：3 成功概率：0.03518999999999999",
        "12": "11→12 使用卡片:9 四叶草等级：4 成功概率：0.0391",
        "13": "12→13 使用卡片:10 四叶草等级：5 成功概率：0.04415999999999999",
        "14": "13→14 使用卡片:12 四叶草等级：6 成功概率：0.1242",
        "15": "14→15 使用卡片:12 四叶草等级：6 成功概率：0.040365",
        "16": "15→16 使用卡片:13 四叶草等级：S 成功概率：0.034499999999999996"
    },
    "单张卡片的价值": {
        "1": {
            "价值": 2.0,
            "成本": 1.0
        },
        "2": {
            "价值": 3.0,
            "成本": 1.0
        },
        "3": {
            "价值": 4.4302059496567505,
            "成本": 1.4302059496567507
        },
        "4": {
            "价值": 8.484123047052108,
            "成本": 4.053917097395359
        },
        "5": {
            "价值": 18.04331163191941,
            "成本": 9.559188584867302
        },
        "6": {
            "价值": 37.20924695381753,
            "成本": 19.16593532189812
        },
        "7": {
            "价值": 92.22492446786949,
            "成本": 55.01567751405196
        },
        "8": {
            "价值": 224.67906414271283,
            "成本": 132.45413967484336
        },
        "9": {
            "价值": 692.6836909938261,
            "成本": 468.00462685111324
        },
        "10": {
            "价值": 3335.787365692139,
            "成本": 2643.1036746983127
        },
        "11": {
            "价值": 10629.878418340984,
            "成本": 7294.091052648846
        },
        "12": {
            "价值": 31619.231129180524,
            "成本": 20989.35271083954
        },
        "13": {
            "价值": 118752.0972001076,
            "成本": 87132.86607092708
        },
        "14": {
            "价值": 389824.81160574785,
            "成本": 271072.71440564026
        },
        "15": {
            "价值": 1223894.702084641,
            "成本": 834069.8904788932
        },
        "16": {
            "价值": 4903433.751363123,
            "成本": 3679539.0492784814
        }
    }
}