{
    "当前VIP等级": 11,
    "当前公会等级": 4,
    "最佳策略": {
        "1": "0→1 使用卡片:0 成功概率：1",
        "2": "1→2 使用卡片:0 成功概率：1",
        "3": "2→3 使用卡片:0 成功概率：0.74784",
        "4": "3→4 使用卡片:1 成功概率：0.52767",
        "5": "4→5 使用卡片:3 成功概率：0.49569",
        "6": "5→6 使用卡片:3 成功概率：0.24723",
        "7": "6→7 使用卡片:5 四叶草等级：1 成功概率：0.389664",
        "8": "7→8 使用卡片:6 四叶草等级：2 成功概率：0.36506399999999994",
        "9": "8→9 使用卡片:7 四叶草等级：2 成功概率：0.22730399999999998",
        "10": "9→10 使用卡片:9 四叶草等级：4 成功概率：0.3321",
        "11": "10→11 使用卡片:8 四叶草等级：3 成功概率：0.03763799999999999",
        "12": "11→12 使用卡片:9 四叶草等级：4 成功概率：0.04182",
        "13": "12→13 使用卡片:10 四叶草等级：5 成功概率：0.047231999999999996",
        "14": "13→14 使用卡片:12 四叶草等级：6 成功概率：0.13284",
        "15": "14→15 使用卡片:12 四叶草等级：6 成功概率：0.043172999999999996",
        "16": "15→16 使用卡片:15 四叶草等级：SSS 成功概率：0.38966399999999995"
    },
    "单张卡片的价值": {
        "1": {
            "价值": 2.0,
            "成本": 1.0
        },
        "2": {
            "价值": 3.0,
            "成本": 1.0
        },
        "3": {
            "价值": 4.337184424475824,
            "成本": 1.3371844244758238
        },
        "4": {
            "价值": 8.127432117162542,
            "成本": 3.7902476926867172
        },
        "5": {
            "价值": 16.877224173641032,
            "成本": 8.749792056478492
        },
        "6": {
            "价值": 34.42033959036159,
            "成本": 17.54311541672056
        },
        "7": {
            "价值": 82.86521562109841,
            "成本": 48.44487603073682
        },
        "8": {
            "价值": 199.06494934001236,
            "成本": 116.19973371891395
        },
        "9": {
            "价值": 598.8168922055071,
            "成本": 399.75194286549475
        },
        "10": {
            "价值": 2787.3651975518096,
            "成本": 2188.5483053463026
        },
        "11": {
            "价值": 8926.505144945731,
            "成本": 6139.139947393922
        },
        "12": {
            "价值": 26306.153452107545,
            "成本": 17379.648307161813
        },
        "13": {
            "价值": 96160.59953848564,
            "成本": 69854.44608637808
        },
        "14": {
            "价值": 309606.50026196905,
            "成本": 213445.90072348344
        },
        "15": {
            "价值": 966363.1178726875,
            "成本": 656756.6176107185
        },
        "16": {
            "价值": 3782725.722251557,
            "成本": 2816362.6043788693
        }
    }
}