{
    "当前VIP等级": 4,
    "当前公会等级": 0,
    "最佳策略": {
        "1": "0→1 使用卡片:0 成功概率：1",
        "2": "1→2 使用卡片:0 成功概率：0.9152",
        "3": "2→3 使用卡片:0 成功概率：0.63232",
        "4": "3→4 使用卡片:1 成功概率：0.44616",
        "5": "4→5 使用卡片:3 成功概率：0.41912000000000005",
        "6": "5→6 使用卡片:3 成功概率：0.20904000000000003",
        "7": "6→7 使用卡片:4 成功概率：0.13728",
        "8": "7→8 使用卡片:6 四叶草等级：2 成功概率：0.30867199999999995",
        "9": "8→9 使用卡片:6 四叶草等级：2 成功概率：0.08736",
        "10": "9→10 使用卡片:9 四叶草等级：4 成功概率：0.28080000000000005",
        "11": "10→11 使用卡片:8 四叶草等级：3 成功概率：0.031824",
        "12": "11→12 使用卡片:9 四叶草等级：4 成功概率：0.03536",
        "13": "12→13 使用卡片:10 四叶草等级：5 成功概率：0.039936",
        "14": "13→14 使用卡片:12 四叶草等级：6 成功概率：0.11232000000000002",
        "15": "14→15 使用卡片:12 四叶草等级：6 成功概率：0.036504",
        "16": "15→16 使用卡片:13 四叶草等级：S 成功概率：0.0312"
    },
    "单张卡片的价值": {
        "1": {
            "价值": 2.0,
            "成本": 1.0
        },
        "2": {
            "价值": 3.0926573426573425,
            "成本": 1.0926573426573427
        },
        "3": {
            "价值": 4.674135075450865,
            "成本": 1.5814777327935223
        },
        "4": {
            "价值": 9.156831865839962,
            "成本": 4.482696790389098
        },
        "5": {
            "价值": 20.309091541949105,
            "成本": 11.152259676109143
        },
        "6": {
            "价值": 42.669094773153006,
            "成本": 22.360003231203905
        },
        "7": {
            "价值": 109.3709585977448,
            "成本": 66.7018638245918
        },
        "8": {
            "价值": 273.5228569660873,
            "成本": 164.1518983683425
        },
        "9": {
            "价值": 853.5262312008974,
            "成本": 580.00337423481
        },
        "10": {
            "价值": 4348.990017528879,
            "成本": 3495.463786327982
        },
        "11": {
            "价值": 13949.381450601006,
            "成本": 9600.391433072125
        },
        "12": {
            "价值": 41707.476224382044,
            "成本": 27758.094773781035
        },
        "13": {
            "价值": 163426.9778652294,
            "成本": 121719.50164084735
        },
        "14": {
            "价值": 552987.8416862945,
            "成本": 389560.86382106517
        },
        "15": {
            "价值": 1751636.653443418,
            "成本": 1198648.8117571236
        },
        "16": {
            "价值": 7252244.918354617,
            "成本": 5500608.264911199
        }
    }
}