{
    "当前VIP等级": 5,
    "当前公会等级": 2,
    "最佳策略": {
        "1": "0→1 使用卡片:0 成功概率：1",
        "2": "1→2 使用卡片:0 成功概率：0.9504",
        "3": "2→3 使用卡片:0 成功概率：0.65664",
        "4": "3→4 使用卡片:1 成功概率：0.46332",
        "5": "4→5 使用卡片:3 成功概率：0.43524000000000007",
        "6": "5→6 使用卡片:3 成功概率：0.21708000000000002",
        "7": "6→7 使用卡片:4 成功概率：0.14256000000000002",
        "8": "7→8 使用卡片:6 四叶草等级：2 成功概率：0.320544",
        "9": "8→9 使用卡片:6 四叶草等级：2 成功概率：0.09072",
        "10": "9→10 使用卡片:9 四叶草等级：4 成功概率：0.2916",
        "11": "10→11 使用卡片:8 四叶草等级：3 成功概率：0.033047999999999994",
        "12": "11→12 使用卡片:9 四叶草等级：4 成功概率：0.03672",
        "13": "12→13 使用卡片:10 四叶草等级：5 成功概率：0.041472",
        "14": "13→14 使用卡片:12 四叶草等级：6 成功概率：0.11664000000000002",
        "15": "14→15 使用卡片:12 四叶草等级：6 成功概率：0.037908000000000004",
        "16": "15→16 使用卡片:13 四叶草等级：S 成功概率：0.0324"
    },
    "单张卡片的价值": {
        "1": {
            "价值": 2.0,
            "成本": 1.0
        },
        "2": {
            "价值": 3.052188552188552,
            "成本": 1.0521885521885521
        },
        "3": {
            "价值": 4.575093035619351,
            "成本": 1.5229044834307992
        },
        "4": {
            "价值": 8.891764018957002,
            "成本": 4.31667098333765
        },
        "5": {
            "价值": 19.403419739063956,
            "成本": 10.511655720106953
        },
        "6": {
            "价值": 40.47902797390526,
            "成本": 21.075608234841305
        },
        "7": {
            "价值": 102.85111003729611,
            "成本": 62.372082063390856
        },
        "8": {
            "价值": 254.09096470281867,
            "成本": 151.23985466552256
        },
        "9": {
            "价值": 788.4717845209984,
            "成本": 534.3808198181797
        },
        "10": {
            "价值": 3931.3791388454097,
            "成本": 3142.9073543244112
        },
        "11": {
            "价值": 12588.210556868247,
            "成本": 8656.831418022837
        },
        "12": {
            "价值": 37546.59248826798,
            "成本": 24958.381931399737
        },
        "13": {
            "价值": 144688.25768033514,
            "成本": 107141.66519206717
        },
        "14": {
            "价值": 484148.0698225503,
            "成本": 339459.81214221515
        },
        "15": {
            "价值": 1528639.7994909047,
            "成本": 1044491.7296683544
        },
        "16": {
            "价值": 6247166.271106187,
            "成本": 4718526.471615283
        }
    }
}