{
    "当前VIP等级": 10,
    "当前公会等级": 2,
    "最佳策略": {
        "1": "0→1 使用卡片:0 成功概率：1",
        "2": "1→2 使用卡片:0 成功概率：1",
        "3": "2→3 使用卡片:0 成功概率：0.70528",
        "4": "3→4 使用卡片:1 成功概率：0.49764",
        "5": "4→5 使用卡片:3 成功概率：0.46748000000000006",
        "6": "5→6 使用卡片:3 成功概率：0.23316000000000003",
        "7": "6→7 使用卡片:5 四叶草等级：1 成功概率：0.3674880000000001",
        "8": "7→8 使用卡片:6 四叶草等级：2 成功概率：0.344288",
        "9": "8→9 使用卡片:6 四叶草等级：2 成功概率：0.09744",
        "10": "9→10 使用卡片:9 四叶草等级：4 成功概率：0.31320000000000003",
        "11": "10→11 使用卡片:8 四叶草等级：3 成功概率：0.035496",
        "12": "11→12 使用卡片:9 四叶草等级：4 成功概率：0.03944000000000001",
        "13": "12→13 使用卡片:10 四叶草等级：5 成功概率：0.044544",
        "14": "13→14 使用卡片:12 四叶草等级：6 成功概率：0.12528000000000003",
        "15": "14→15 使用卡片:12 四叶草等级：6 成功概率：0.040716",
        "16": "15→16 使用卡片:13 四叶草等级：S 成功概率：0.034800000000000005"
    },
    "单张卡片的价值": {
        "1": {
            "价值": 2.0,
            "成本": 1.0
        },
        "2": {
            "价值": 3.0,
            "成本": 1.0
        },
        "3": {
            "价值": 4.4178765880217785,
            "成本": 1.4178765880217785
        },
        "4": {
            "价值": 8.436846124232694,
            "成本": 4.018969536210915
        },
        "5": {
            "价值": 17.88725381658697,
            "成本": 9.450407692354277
        },
        "6": {
            "价值": 36.83508615498883,
            "成本": 18.94783233840186
        },
        "7": {
            "价值": 90.95182960399114,
            "成本": 54.11674344900232
        },
        "8": {
            "价值": 221.177356357723,
            "成本": 130.22552675373186
        },
        "9": {
            "价值": 681.3075508875755,
            "成本": 460.13019452985253
        },
        "10": {
            "价值": 3265.3035626614433,
            "成本": 2583.996011773868
        },
        "11": {
            "价值": 10397.863748533739,
            "成本": 7132.560185872296
        },
        "12": {
            "价值": 30917.832077326217,
            "成本": 20519.968328792478
        },
        "13": {
            "价值": 115717.21162701739,
            "成本": 84799.37954969116
        },
        "14": {
            "价值": 378854.4408521628,
            "成本": 263137.22922514536
        },
        "15": {
            "价值": 1188507.4538526102,
            "成本": 809653.0130004474
        },
        "16": {
            "价值": 4749116.9833646035,
            "成本": 3560609.5295119933
        }
    }
}