{
    "当前VIP等级": 8,
    "当前公会等级": 5,
    "最佳策略": {
        "1": "0→1 使用卡片:0 成功概率：1",
        "2": "1→2 使用卡片:0 成功概率：1",
        "3": "2→3 使用卡片:0 成功概率：0.7356800000000001",
        "4": "3→4 使用卡片:1 成功概率：0.51909",
        "5": "4→5 使用卡片:3 成功概率：0.4876300000000001",
        "6": "5→6 使用卡片:3 成功概率：0.24321000000000007",
        "7": "6→7 使用卡片:5 四叶草等级：1 成功概率：0.3833280000000001",
        "8": "7→8 使用卡片:6 四叶草等级：2 成功概率：0.359128",
        "9": "8→9 使用卡片:7 四叶草等级：2 成功概率：0.22360800000000003",
        "10": "9→10 使用卡片:9 四叶草等级：4 成功概率：0.32670000000000005",
        "11": "10→11 使用卡片:8 四叶草等级：3 成功概率：0.037026",
        "12": "11→12 使用卡片:9 四叶草等级：4 成功概率：0.04114000000000001",
        "13": "12→13 使用卡片:10 四叶草等级：5 成功概率：0.046464000000000005",
        "14": "13→14 使用卡片:12 四叶草等级：6 成功概率：0.13068000000000005",
        "15": "14→15 使用卡片:12 四叶草等级：6 成功概率：0.04247100000000001",
        "16": "15→16 使用卡片:15 四叶草等级：SSS 成功概率：0.383328"
    },
    "单张卡片的价值": {
        "1": {
            "价值": 2.0,
            "成本": 1.0
        },
        "2": {
            "价值": 3.0,
            "成本": 1.0
        },
        "3": {
            "价值": 4.359286646367986,
            "成本": 1.3592866463679858
        },
        "4": {
            "价值": 8.21218306124787,
            "成本": 3.8528964148798854
        },
        "5": {
            "价值": 17.151925583996643,
            "成本": 8.939742522748775
        },
        "6": {
            "价值": 35.07588696045314,
            "成本": 17.923961376456496
        },
        "7": {
            "价值": 85.03812708900267,
            "成本": 49.96224012854954
        },
        "8": {
            "价值": 204.98390397204474,
            "成本": 119.94577688304209
        },
        "9": {
            "价值": 621.0608202228169,
            "成本": 416.0769162507722
        },
        "10": {
            "价值": 2913.870187296024,
            "成本": 2292.8093670732073
        },
        "11": {
            "价值": 9314.342935420173,
            "成本": 6400.472748124149
        },
        "12": {
            "价值": 27521.946732766228,
            "成本": 18207.603797346055
        },
        "13": {
            "价值": 101253.6570309761,
            "成本": 73731.71029820987
        },
        "14": {
            "价值": 327531.1802385535,
            "成本": 226277.5232075774
        },
        "15": {
            "价值": 1023769.7131849458,
            "成本": 696238.5329463922
        },
        "16": {
            "价值": 4036442.1847626697,
            "成本": 3012672.471577724
        }
    }
}