{
    "当前VIP等级": 13,
    "当前公会等级": 4,
    "最佳策略": {
        "1": "0→1 使用卡片:0 成功概率：1",
        "2": "1→2 使用卡片:0 成功概率：1",
        "3": "2→3 使用卡片:0 成功概率：0.77216",
        "4": "3→4 使用卡片:1 成功概率：0.54483",
        "5": "4→5 使用卡片:3 成功概率：0.51181",
        "6": "5→6 使用卡片:3 成功概率：0.25527",
        "7": "6→7 使用卡片:5 四叶草等级：1 成功概率：0.402336",
        "8": "7→8 使用卡片:6 四叶草等级：1 成功概率：0.32308799999999993",
        "9": "8→9 使用卡片:7 四叶草等级：2 成功概率：0.234696",
        "10": "9→10 使用卡片:9 四叶草等级：4 成功概率：0.34290000000000004",
        "11": "10→11 使用卡片:8 四叶草等级：3 成功概率：0.038861999999999994",
        "12": "11→12 使用卡片:9 四叶草等级：4 成功概率：0.04318",
        "13": "12→13 使用卡片:10 四叶草等级：5 成功概率：0.048768",
        "14": "13→14 使用卡片:12 四叶草等级：6 成功概率：0.13716",
        "15": "14→15 使用卡片:12 四叶草等级：6 成功概率：0.044577",
        "16": "15→16 使用卡片:15 四叶草等级：SSS 成功概率：0.40233599999999997"
    },
    "单张卡片的价值": {
        "1": {
            "价值": 2.0,
            "成本": 1.0
        },
        "2": {
            "价值": 3.0,
            "成本": 1.0
        },
        "3": {
            "价值": 4.295068379610443,
            "成本": 1.2950683796104434
        },
        "4": {
            "价值": 7.965938192212539,
            "成本": 3.670869812602096
        },
        "5": {
            "价值": 16.35785781005987,
            "成本": 8.391919617847332
        },
        "6": {
            "价值": 33.18344788962442,
            "成本": 16.825590079564552
        },
        "7": {
            "价值": 78.81162386706583,
            "成本": 45.62817597744141
        },
        "8": {
            "价值": 187.70903847121215,
            "成本": 108.89741460414632
        },
        "9": {
            "价值": 557.5986994243849,
            "成本": 369.8896609531728
        },
        "10": {
            "价值": 2557.0116461271696,
            "成本": 1999.4129467027847
        },
        "11": {
            "价值": 8210.58167523561,
            "成本": 5653.5700291084395
        },
        "12": {
            "价值": 24088.272722581252,
            "成本": 15877.691047345643
        },
        "13": {
            "价值": 87019.12176554323,
            "成本": 62930.84904296198
        },
        "14": {
            "价值": 277572.2912215162,
            "成本": 190553.16945597297
        },
        "15": {
            "价值": 863889.735701433,
            "成本": 586317.4444799168
        },
        "16": {
            "价值": 3336851.9754747394,
            "成本": 2472962.2397733065
        }
    }
}