{
    "当前VIP等级": 7,
    "当前公会等级": 3,
    "最佳策略": {
        "1": "0→1 使用卡片:0 成功概率：1",
        "2": "1→2 使用卡片:0 成功概率：0.9944000000000001",
        "3": "2→3 使用卡片:0 成功概率：0.6870400000000001",
        "4": "3→4 使用卡片:1 成功概率：0.48477000000000003",
        "5": "4→5 使用卡片:3 成功概率：0.4553900000000001",
        "6": "5→6 使用卡片:3 成功概率：0.22713000000000003",
        "7": "6→7 使用卡片:5 四叶草等级：1 成功概率：0.3579840000000001",
        "8": "7→8 使用卡片:6 四叶草等级：2 成功概率：0.33538399999999996",
        "9": "8→9 使用卡片:6 四叶草等级：2 成功概率：0.09492",
        "10": "9→10 使用卡片:9 四叶草等级：4 成功概率：0.30510000000000004",
        "11": "10→11 使用卡片:8 四叶草等级：3 成功概率：0.034578",
        "12": "11→12 使用卡片:9 四叶草等级：4 成功概率：0.03842000000000001",
        "13": "12→13 使用卡片:10 四叶草等级：5 成功概率：0.043392",
        "14": "13→14 使用卡片:12 四叶草等级：6 成功概率：0.12204000000000002",
        "15": "14→15 使用卡片:12 四叶草等级：6 成功概率：0.039663000000000004",
        "16": "15→16 使用卡片:13 四叶草等级：S 成功概率：0.0339"
    },
    "单张卡片的价值": {
        "1": {
            "价值": 2.0,
            "成本": 1.0
        },
        "2": {
            "价值": 3.005631536604988,
            "成本": 1.005631536604988
        },
        "3": {
            "价值": 4.461150865901681,
            "成本": 1.4555193292966928
        },
        "4": {
            "价值": 8.586818708383682,
            "成本": 4.1256678424820015
        },
        "5": {
            "价值": 18.383149031626793,
            "成本": 9.796330323243112
        },
        "6": {
            "价值": 38.0245476399202,
            "成本": 19.641398608293404
        },
        "7": {
            "价值": 94.96326286637387,
            "成本": 56.93871522645367
        },
        "8": {
            "价值": 232.19267047055357,
            "成本": 137.2294076041797
        },
        "9": {
            "价值": 717.0699106719884,
            "成本": 484.87724020143486
        },
        "10": {
            "价值": 3486.882793897122,
            "成本": 2769.8128832251336
        },
        "11": {
            "价值": 11127.367219559497,
            "成本": 7640.4844256623755
        },
        "12": {
            "价值": 33122.940115759084,
            "成本": 21995.57289619959
        },
        "13": {
            "价值": 125280.08414915515,
            "成本": 92157.14403339606
        },
        "14": {
            "价值": 413471.9893913632,
            "成本": 288191.9052422081
        },
        "15": {
            "价值": 1300216.313213542,
            "成本": 886744.3238221789
        },
        "16": {
            "价值": 5237445.934132573,
            "成本": 3937229.620919031
        }
    }
}