{
    "当前VIP等级": 12,
    "当前公会等级": 1,
    "最佳策略": {
        "1": "0→1 使用卡片:0 成功概率：1",
        "2": "1→2 使用卡片:0 成功概率：1",
        "3": "2→3 使用卡片:0 成功概率：0.71744",
        "4": "3→4 使用卡片:1 成功概率：0.50622",
        "5": "4→5 使用卡片:3 成功概率：0.47554",
        "6": "5→6 使用卡片:3 成功概率：0.23718",
        "7": "6→7 使用卡片:5 四叶草等级：1 成功概率：0.373824",
        "8": "7→8 使用卡片:6 四叶草等级：2 成功概率：0.3502239999999999",
        "9": "8→9 使用卡片:7 四叶草等级：2 成功概率：0.21806399999999998",
        "10": "9→10 使用卡片:9 四叶草等级：4 成功概率：0.3186",
        "11": "10→11 使用卡片:8 四叶草等级：3 成功概率：0.036107999999999994",
        "12": "11→12 使用卡片:9 四叶草等级：4 成功概率：0.04012",
        "13": "12→13 使用卡片:10 四叶草等级：5 成功概率：0.04531199999999999",
        "14": "13→14 使用卡片:12 四叶草等级：6 成功概率：0.12744",
        "15": "14→15 使用卡片:12 四叶草等级：6 成功概率：0.041417999999999996",
        "16": "15→16 使用卡片:13 四叶草等级：S 成功概率：0.035399999999999994"
    },
    "单张卡片的价值": {
        "1": {
            "价值": 2.0,
            "成本": 1.0
        },
        "2": {
            "价值": 3.0,
            "成本": 1.0
        },
        "3": {
            "价值": 4.3938447814451385,
            "成本": 1.3938447814451382
        },
        "4": {
            "价值": 8.344696189923665,
            "成本": 3.950851408478527
        },
        "5": {
            "价值": 17.5843916549637,
            "成本": 9.239695465040034
        },
        "6": {
            "价值": 36.1097512191982,
            "成本": 18.5253595642345
        },
        "7": {
            "价值": 88.4990885944435,
            "成本": 52.389337375245304
        },
        "8": {
            "价值": 214.44634297791868,
            "成本": 125.94725438347518
        },
        "9": {
            "价值": 656.9727966541033,
            "成本": 442.5264536761846
        },
        "10": {
            "价值": 3120.7919951917784,
            "成本": 2463.819198537675
        },
        "11": {
            "价值": 9946.047976634083,
            "成本": 6825.255981442304
        },
        "12": {
            "价值": 29511.67102384503,
            "成本": 19565.623047210946
        },
        "13": {
            "价值": 109684.51696292913,
            "成本": 80172.8459390841
        },
        "14": {
            "价值": 357327.8865787878,
            "成本": 247643.36961585868
        },
        "15": {
            "价值": 1119307.4853968145,
            "成本": 761979.5988180267
        },
        "16": {
            "价值": 4449152.597343966,
            "成本": 3329845.1119471514
        }
    }
}