{
    "当前VIP等级": 13,
    "当前公会等级": 1,
    "最佳策略": {
        "1": "0→1 使用卡片:0 成功概率：1",
        "2": "1→2 使用卡片:0 成功概率：1",
        "3": "2→3 使用卡片:0 成功概率：0.7295999999999999",
        "4": "3→4 使用卡片:1 成功概率：0.5147999999999999",
        "5": "4→5 使用卡片:3 成功概率：0.48360000000000003",
        "6": "5→6 使用卡片:3 成功概率：0.2412",
        "7": "6→7 使用卡片:5 四叶草等级：1 成功概率：0.38016",
        "8": "7→8 使用卡片:6 四叶草等级：2 成功概率：0.3561599999999999",
        "9": "8→9 使用卡片:7 四叶草等级：2 成功概率：0.22175999999999998",
        "10": "9→10 使用卡片:9 四叶草等级：4 成功概率：0.324",
        "11": "10→11 使用卡片:8 四叶草等级：3 成功概率：0.036719999999999996",
        "12": "11→12 使用卡片:9 四叶草等级：4 成功概率：0.0408",
        "13": "12→13 使用卡片:10 四叶草等级：5 成功概率：0.046079999999999996",
        "14": "13→14 使用卡片:12 四叶草等级：6 成功概率：0.12960000000000002",
        "15": "14→15 使用卡片:12 四叶草等级：6 成功概率：0.04212",
        "16": "15→16 使用卡片:13 四叶草等级：S 成功概率：0.036"
    },
    "单张卡片的价值": {
        "1": {
            "价值": 2.0,
            "成本": 1.0
        },
        "2": {
            "价值": 3.0,
            "成本": 1.0
        },
        "3": {
            "价值": 4.370614035087719,
            "成本": 1.3706140350877194
        },
        "4": {
            "价值": 8.255617920091606,
            "成本": 3.8850038850038855
        },
        "5": {
            "价值": 17.293281350794082,
            "成本": 9.037663430702478
        },
        "6": {
            "价值": 35.413571711854274,
            "成本": 18.120290361060196
        },
        "7": {
            "价值": 86.16399614050033,
            "成本": 50.75042442864605
        },
        "8": {
            "价值": 208.05744771241825,
            "成本": 121.89345157191791
        },
        "9": {
            "价值": 632.6786424296818,
            "成本": 424.62119471726345
        },
        "10": {
            "价值": 2980.4522301756133,
            "成本": 2347.7735877459313
        },
        "11": {
            "价值": 9517.964422779598,
            "成本": 6537.512192603984
        },
        "12": {
            "价值": 28162.04879605611,
            "成本": 18644.084373276513
        },
        "13": {
            "价值": 103953.1128189644,
            "成本": 75791.06402290828
        },
        "14": {
            "价值": 337055.34118359484,
            "成本": 233102.22836463046
        },
        "15": {
            "价值": 1054292.9669209195,
            "成本": 717237.6257373246
        },
        "16": {
            "价值": 4169434.98966993,
            "成本": 3115142.022749011
        }
    }
}