{
    "当前VIP等级": 13,
    "当前公会等级": 0,
    "最佳策略": {
        "1": "0→1 使用卡片:0 成功概率：1",
        "2": "1→2 使用卡片:0 成功概率：1",
        "3": "2→3 使用卡片:0 成功概率：0.7235199999999999",
        "4": "3→4 使用卡片:1 成功概率：0.51051",
        "5": "4→5 使用卡片:3 成功概率：0.47957",
        "6": "5→6 使用卡片:3 成功概率：0.23919",
        "7": "6→7 使用卡片:5 四叶草等级：1 成功概率：0.376992",
        "8": "7→8 使用卡片:6 四叶草等级：2 成功概率：0.35319199999999995",
        "9": "8→9 使用卡片:7 四叶草等级：2 成功概率：0.21991199999999997",
        "10": "9→10 使用卡片:9 四叶草等级：4 成功概率：0.32130000000000003",
        "11": "10→11 使用卡片:8 四叶草等级：3 成功概率：0.036413999999999995",
        "12": "11→12 使用卡片:9 四叶草等级：4 成功概率：0.04046",
        "13": "12→13 使用卡片:10 四叶草等级：5 成功概率：0.045695999999999994",
        "14": "13→14 使用卡片:12 四叶草等级：6 成功概率：0.12852000000000002",
        "15": "14→15 使用卡片:12 四叶草等级：6 成功概率：0.041769",
        "16": "15→16 使用卡片:13 四叶草等级：S 成功概率：0.035699999999999996"
    },
    "单张卡片的价值": {
        "1": {
            "价值": 2.0,
            "成本": 1.0
        },
        "2": {
            "价值": 3.0,
            "成本": 1.0
        },
        "3": {
            "价值": 4.382131800088457,
            "成本": 1.3821318000884566
        },
        "4": {
            "价值": 8.299782776562964,
            "成本": 3.9176509764745058
        },
        "5": {
            "价值": 17.437409817638212,
            "成本": 9.137627041075248
        },
        "6": {
            "价值": 35.75812473083883,
            "成本": 18.32071491320062
        },
        "7": {
            "价值": 87.31733505264464,
            "成本": 51.5592103218058
        },
        "8": {
            "价值": 211.2106416134921,
            "成本": 123.89330656084746
        },
        "9": {
            "价值": 644.6446290841379,
            "成本": 433.4339874706458
        },
        "10": {
            "价值": 3049.389817643546,
            "成本": 2404.7451885594082
        },
        "11": {
            "价值": 9728.431988607794,
            "成本": 6679.042170964248
        },
        "12": {
            "价值": 28824.937897756037,
            "成本": 19096.505909148244
        },
        "13": {
            "价值": 106761.5147894653,
            "成本": 77936.57689170926
        },
        "14": {
            "价值": 346980.45268050197,
            "成本": 240218.93789103665
        },
        "15": {
            "价值": 1086115.6461913842,
            "成本": 739135.1935108822
        },
        "16": {
            "价值": 4306102.05485988,
            "成本": 3219986.408668496
        }
    }
}