{
    "当前VIP等级": 12,
    "当前公会等级": 5,
    "最佳策略": {
        "1": "0→1 使用卡片:0 成功概率：1",
        "2": "1→2 使用卡片:0 成功概率：1",
        "3": "2→3 使用卡片:0 成功概率：0.78432",
        "4": "3→4 使用卡片:1 成功概率：0.55341",
        "5": "4→5 使用卡片:3 成功概率：0.51987",
        "6": "5→6 使用卡片:3 成功概率：0.25929",
        "7": "6→7 使用卡片:5 四叶草等级：1 成功概率：0.40867200000000004",
        "8": "7→8 使用卡片:6 四叶草等级：1 成功概率：0.32817599999999997",
        "9": "8→9 使用卡片:7 四叶草等级：2 成功概率：0.238392",
        "10": "9→10 使用卡片:9 四叶草等级：4 成功概率：0.34830000000000005",
        "11": "10→11 使用卡片:8 四叶草等级：3 成功概率：0.039473999999999995",
        "12": "11→12 使用卡片:9 四叶草等级：4 成功概率：0.04386",
        "13": "12→13 使用卡片:10 四叶草等级：5 成功概率：0.049536",
        "14": "13→14 使用卡片:12 四叶草等级：6 成功概率：0.13932000000000003",
        "15": "14→15 使用卡片:12 四叶草等级：6 成功概率：0.045279",
        "16": "15→16 使用卡片:15 四叶草等级：SSS 成功概率：0.408672"
    },
    "单张卡片的价值": {
        "1": {
            "价值": 2.0,
            "成本": 1.0
        },
        "2": {
            "价值": 3.0,
            "成本": 1.0
        },
        "3": {
            "价值": 4.274989800081599,
            "成本": 1.2749898000815993
        },
        "4": {
            "价值": 7.888946902410794,
            "成本": 3.6139571023291954
        },
        "5": {
            "价值": 16.112136930844052,
            "成本": 8.22319002843326
        },
        "6": {
            "价值": 32.599428380886856,
            "成本": 16.487291450042804
        },
        "7": {
            "价值": 76.91892404206268,
            "成本": 44.319495661175836
        },
        "8": {
            "价值": 182.34841425733396,
            "成本": 105.42949021527126
        },
        "9": {
            "价值": 538.5639082422944,
            "成本": 356.2154939849604
        },
        "10": {
            "价值": 2452.3276413525277,
            "成本": 1913.7637331102333
        },
        "11": {
            "价值": 7882.444028273892,
            "成本": 5430.116386921365
        },
        "12": {
            "价值": 23079.979555913982,
            "成本": 15197.53552764009
        },
        "13": {
            "价值": 82921.86508063394,
            "成本": 59841.88552471996
        },
        "14": {
            "价值": 263283.4754446447,
            "成本": 180361.61036401073
        },
        "15": {
            "价值": 818242.2765646778,
            "成本": 554958.8011200331
        },
        "16": {
            "价值": 3141166.9608216807,
            "成本": 2322924.684257003
        }
    }
}