{
    "当前VIP等级": 8,
    "当前公会等级": 6,
    "最佳策略": {
        "1": "0→1 使用卡片:0 成功概率：1",
        "2": "1→2 使用卡片:0 成功概率：1",
        "3": "2→3 使用卡片:0 成功概率：0.76",
        "4": "3→4 使用卡片:1 成功概率：0.53625",
        "5": "4→5 使用卡片:3 成功概率：0.50375",
        "6": "5→6 使用卡片:3 成功概率：0.25125000000000003",
        "7": "6→7 使用卡片:5 四叶草等级：1 成功概率：0.396",
        "8": "7→8 使用卡片:6 四叶草等级：1 成功概率：0.31799999999999995",
        "9": "8→9 使用卡片:7 四叶草等级：2 成功概率：0.23099999999999998",
        "10": "9→10 使用卡片:9 四叶草等级：4 成功概率：0.3375",
        "11": "10→11 使用卡片:8 四叶草等级：3 成功概率：0.03824999999999999",
        "12": "11→12 使用卡片:9 四叶草等级：4 成功概率：0.0425",
        "13": "12→13 使用卡片:10 四叶草等级：5 成功概率：0.047999999999999994",
        "14": "13→14 使用卡片:12 四叶草等级：6 成功概率：0.135",
        "15": "14→15 使用卡片:12 四叶草等级：6 成功概率：0.043875",
        "16": "15→16 使用卡片:15 四叶草等级：SSS 成功概率：0.39599999999999996"
    },
    "单张卡片的价值": {
        "1": {
            "价值": 2.0,
            "成本": 1.0
        },
        "2": {
            "价值": 3.0,
            "成本": 1.0
        },
        "3": {
            "价值": 4.315789473684211,
            "成本": 1.3157894736842106
        },
        "4": {
            "价值": 8.04539320328794,
            "成本": 3.7296037296037294
        },
        "5": {
            "价值": 16.612717220527067,
            "成本": 8.567324017239127
        },
        "6": {
            "价值": 33.78998875757865,
            "成本": 17.17727153705158
        },
        "7": {
            "价值": 80.79179992052579,
            "成本": 47.001811162947135
        },
        "8": {
            "价值": 193.3389343783203,
            "成本": 112.54713445779451
        },
        "9": {
            "价值": 577.7190206143628,
            "成本": 384.3800862360424
        },
        "10": {
            "价值": 2668.7383409532154,
            "成本": 2091.0193203388526
        },
        "11": {
            "价值": 8559.952311628256,
            "成本": 5891.213970675041
        },
        "12": {
            "价值": 25165.105737848557,
            "成本": 16605.1534262203
        },
        "13": {
            "价值": 91430.48784104055,
            "成本": 66265.382103192
        },
        "14": {
            "价值": 293009.048862141,
            "成本": 201578.5610211004
        },
        "15": {
            "价值": 913250.7750809116,
            "成本": 620241.7262187706
        },
        "16": {
            "价值": 3550429.500032709,
            "成本": 2637178.724951797
        }
    }
}