{
    "当前VIP等级": 13,
    "当前公会等级": 6,
    "最佳策略": {
        "1": "0→1 使用卡片:0 成功概率：1",
        "2": "1→2 使用卡片:0 成功概率：1",
        "3": "2→3 使用卡片:0 成功概率：0.8207999999999999",
        "4": "3→4 使用卡片:1 成功概率：0.5791499999999999",
        "5": "4→5 使用卡片:3 成功概率：0.54405",
        "6": "5→6 使用卡片:3 成功概率：0.27135",
        "7": "6→7 使用卡片:5 四叶草等级：1 成功概率：0.42768",
        "8": "7→8 使用卡片:6 四叶草等级：1 成功概率：0.3434399999999999",
        "9": "8→9 使用卡片:7 四叶草等级：2 成功概率：0.24947999999999995",
        "10": "9→10 使用卡片:9 四叶草等级：3 成功概率：0.30982499999999996",
        "11": "10→11 使用卡片:8 四叶草等级：3 成功概率：0.04130999999999999",
        "12": "11→12 使用卡片:9 四叶草等级：3 成功概率：0.039015",
        "13": "12→13 使用卡片:10 四叶草等级：5 成功概率：0.05183999999999999",
        "14": "13→14 使用卡片:12 四叶草等级：6 成功概率：0.1458",
        "15": "14→15 使用卡片:12 四叶草等级：6 成功概率：0.047385",
        "16": "15→16 使用卡片:15 四叶草等级：SS 成功概率：0.38016"
    },
    "单张卡片的价值": {
        "1": {
            "价值": 2.0,
            "成本": 1.0
        },
        "2": {
            "价值": 3.0,
            "成本": 1.0
        },
        "3": {
            "价值": 4.218323586744639,
            "成本": 1.2183235867446396
        },
        "4": {
            "价值": 7.67166037341476,
            "成本": 3.4533367866701203
        },
        "5": {
            "价值": 15.425219029318885,
            "成本": 7.753558655904125
        },
        "6": {
            "价值": 30.970911259813228,
            "成本": 15.545692230494343
        },
        "7": {
            "价值": 71.71450233098534,
            "成本": 40.743591071172105
        },
        "8": {
            "价值": 167.71645684942592,
            "成本": 96.00195451844058
        },
        "9": {
            "价值": 487.2390732154086,
            "成本": 319.5226163659827
        },
        "10": {
            "价值": 2163.1499042180994,
            "成本": 1675.9108310026907
        },
        "11": {
            "价值": 6997.728864504373,
            "成本": 4834.578960286273
        },
        "12": {
            "价值": 20306.432522466916,
            "成本": 13308.703657962542
        },
        "13": {
            "价值": 71910.40444025434,
            "成本": 51603.97191778742
        },
        "14": {
            "价值": 225232.98689887516,
            "成本": 153322.5824586208
        },
        "15": {
            "价值": 696994.7790792469,
            "成本": 471761.79218037176
        },
        "16": {
            "价值": 2616614.8839804647,
            "成本": 1919620.1049012176
        }
    }
}