{
    "当前VIP等级": 3,
    "当前公会等级": 1,
    "最佳策略": {
        "1": "0→1 使用卡片:0 成功概率：1",
        "2": "1→2 使用卡片:0 成功概率：0.8888",
        "3": "2→3 使用卡片:0 成功概率：0.61408",
        "4": "3→4 使用卡片:1 成功概率：0.43329",
        "5": "4→5 使用卡片:3 成功概率：0.40703",
        "6": "5→6 使用卡片:3 成功概率：0.20301000000000002",
        "7": "6→7 使用卡片:4 成功概率：0.13332",
        "8": "7→8 使用卡片:6 四叶草等级：2 成功概率：0.299768",
        "9": "8→9 使用卡片:6 四叶草等级：2 成功概率：0.08484",
        "10": "9→10 使用卡片:9 四叶草等级：4 成功概率：0.2727",
        "11": "10→11 使用卡片:8 四叶草等级：3 成功概率：0.030905999999999996",
        "12": "11→12 使用卡片:9 四叶草等级：4 成功概率：0.03434",
        "13": "12→13 使用卡片:10 四叶草等级：5 成功概率：0.038784",
        "14": "13→14 使用卡片:12 四叶草等级：6 成功概率：0.10908000000000001",
        "15": "14→15 使用卡片:12 四叶草等级：6 成功概率：0.035450999999999996",
        "16": "15→16 使用卡片:13 四叶草等级：S 成功概率：0.0303"
    },
    "单张卡片的价值": {
        "1": {
            "价值": 2.0,
            "成本": 1.0
        },
        "2": {
            "价值": 3.125112511251125,
            "成本": 1.125112511251125
        },
        "3": {
            "价值": 4.753564830167227,
            "成本": 1.6284523189161022
        },
        "4": {
            "价值": 9.369411030171843,
            "成本": 4.615846200004616
        },
        "5": {
            "价值": 21.04807066255085,
            "成本": 11.678659632379008
        },
        "6": {
            "价值": 44.46349271154955,
            "成本": 23.415422048998703
        },
        "7": {
            "价值": 114.7411031988871,
            "成本": 70.27761048733755
        },
        "8": {
            "价值": 289.75475612898487,
            "成本": 175.01365293009778
        },
        "9": {
            "价值": 908.1363298153303,
            "成本": 618.3815736863455
        },
        "10": {
            "价值": 4707.682827121273,
            "成本": 3799.546497305942
        },
        "11": {
            "价值": 15118.436600789328,
            "成本": 10410.753773668055
        },
        "12": {
            "价值": 45291.30584410122,
            "成本": 30172.86924331189
        },
        "13": {
            "价值": 179874.71207144426,
            "成本": 134583.40622734305
        },
        "14": {
            "价值": 613861.7476792661,
            "成本": 433987.0356078219
        },
        "15": {
            "价值": 1949206.4726264107,
            "成本": 1335344.7249471445
        },
        "16": {
            "价值": 8156028.653202129,
            "成本": 6206822.180575718
        }
    }
}