{
    "当前VIP等级": 9,
    "当前公会等级": 4,
    "最佳策略": {
        "1": "0→1 使用卡片:0 成功概率：1",
        "2": "1→2 使用卡片:0 成功概率：1",
        "3": "2→3 使用卡片:0 成功概率：0.72352",
        "4": "3→4 使用卡片:1 成功概率：0.51051",
        "5": "4→5 使用卡片:3 成功概率：0.4795700000000001",
        "6": "5→6 使用卡片:3 成功概率：0.23919000000000004",
        "7": "6→7 使用卡片:5 四叶草等级：1 成功概率：0.3769920000000001",
        "8": "7→8 使用卡片:6 四叶草等级：2 成功概率：0.353192",
        "9": "8→9 使用卡片:7 四叶草等级：2 成功概率：0.21991200000000002",
        "10": "9→10 使用卡片:9 四叶草等级：4 成功概率：0.3213000000000001",
        "11": "10→11 使用卡片:8 四叶草等级：3 成功概率：0.036414",
        "12": "11→12 使用卡片:9 四叶草等级：4 成功概率：0.04046000000000001",
        "13": "12→13 使用卡片:10 四叶草等级：5 成功概率：0.045696",
        "14": "13→14 使用卡片:12 四叶草等级：6 成功概率：0.12852000000000002",
        "15": "14→15 使用卡片:12 四叶草等级：6 成功概率：0.04176900000000001",
        "16": "15→16 使用卡片:13 四叶草等级：S 成功概率：0.0357"
    },
    "单张卡片的价值": {
        "1": {
            "价值": 2.0,
            "成本": 1.0
        },
        "2": {
            "价值": 3.0,
            "成本": 1.0
        },
        "3": {
            "价值": 4.382131800088456,
            "成本": 1.3821318000884564
        },
        "4": {
            "价值": 8.299782776562962,
            "成本": 3.9176509764745058
        },
        "5": {
            "价值": 17.437409817638205,
            "成本": 9.137627041075245
        },
        "6": {
            "价值": 35.75812473083882,
            "成本": 18.320714913200618
        },
        "7": {
            "价值": 87.31733505264458,
            "成本": 51.559210321805764
        },
        "8": {
            "价值": 211.210641613492,
            "成本": 123.89330656084742
        },
        "9": {
            "价值": 644.6446290841374,
            "成本": 433.4339874706454
        },
        "10": {
            "价值": 3049.389817643543,
            "成本": 2404.745188559406
        },
        "11": {
            "价值": 9728.431988607786,
            "成本": 6679.042170964244
        },
        "12": {
            "价值": 28824.93789775601,
            "成本": 19096.505909148225
        },
        "13": {
            "价值": 106761.5147894652,
            "成本": 77936.57689170919
        },
        "14": {
            "价值": 346980.4526805017,
            "成本": 240218.93789103648
        },
        "15": {
            "价值": 1086115.646191383,
            "成本": 739135.1935108814
        },
        "16": {
            "价值": 4306102.054859876,
            "成本": 3219986.408668493
        }
    }
}