{
    "当前VIP等级": 13,
    "当前公会等级": 3,
    "最佳策略": {
        "1": "0→1 使用卡片:0 成功概率：1",
        "2": "1→2 使用卡片:0 成功概率：1",
        "3": "2→3 使用卡片:0 成功概率：0.7539199999999999",
        "4": "3→4 使用卡片:1 成功概率：0.53196",
        "5": "4→5 使用卡片:3 成功概率：0.49972000000000005",
        "6": "5→6 使用卡片:3 成功概率：0.24924000000000002",
        "7": "6→7 使用卡片:5 四叶草等级：1 成功概率：0.392832",
        "8": "7→8 使用卡片:6 四叶草等级：2 成功概率：0.3680319999999999",
        "9": "8→9 使用卡片:7 四叶草等级：2 成功概率：0.229152",
        "10": "9→10 使用卡片:9 四叶草等级：4 成功概率：0.33480000000000004",
        "11": "10→11 使用卡片:8 四叶草等级：3 成功概率：0.03794399999999999",
        "12": "11→12 使用卡片:9 四叶草等级：4 成功概率：0.04216",
        "13": "12→13 使用卡片:10 四叶草等级：5 成功概率：0.047616",
        "14": "13→14 使用卡片:12 四叶草等级：6 成功概率：0.13392",
        "15": "14→15 使用卡片:12 四叶草等级：6 成功概率：0.043524",
        "16": "15→16 使用卡片:15 四叶草等级：SSS 成功概率：0.39283199999999996"
    },
    "单张卡片的价值": {
        "1": {
            "价值": 2.0,
            "成本": 1.0
        },
        "2": {
            "价值": 3.0,
            "成本": 1.0
        },
        "3": {
            "价值": 4.326400679117148,
            "成本": 1.3264006791171479
        },
        "4": {
            "价值": 8.086081858153165,
            "成本": 3.7596811790360176
        },
        "5": {
            "价值": 16.743731500186996,
            "成本": 8.657649642033833
        },
        "6": {
            "价值": 34.10210366804588,
            "成本": 17.35837216785888
        },
        "7": {
            "价值": 81.81647393367342,
            "成本": 47.71437026562754
        },
        "8": {
            "价值": 196.21441668877594,
            "成本": 114.3979427551025
        },
        "9": {
            "价值": 588.1659332964138,
            "成本": 391.9515166076378
        },
        "10": {
            "价值": 2727.2517555676613,
            "成本": 2139.0858222712477
        },
        "11": {
            "价值": 8741.757782575252,
            "成本": 6014.50602700759
        },
        "12": {
            "价值": 25728.61578296457,
            "成本": 16986.85800038932
        },
        "13": {
            "价值": 93757.25648289025,
            "成本": 68028.64069992569
        },
        "14": {
            "价值": 301169.2620307141,
            "成本": 207412.00554782385
        },
        "15": {
            "价值": 939360.0483317105,
            "成本": 638190.7863009964
        },
        "16": {
            "价值": 3664270.56563099,
            "成本": 2724910.5172992796
        }
    }
}