{
    "当前VIP等级": 7,
    "当前公会等级": 1,
    "最佳策略": {
        "1": "0→1 使用卡片:0 成功概率：1",
        "2": "1→2 使用卡片:0 成功概率：0.9592",
        "3": "2→3 使用卡片:0 成功概率：0.6627200000000001",
        "4": "3→4 使用卡片:1 成功概率：0.46761",
        "5": "4→5 使用卡片:3 成功概率：0.43927000000000005",
        "6": "5→6 使用卡片:3 成功概率：0.21909000000000003",
        "7": "6→7 使用卡片:4 成功概率：0.14388",
        "8": "7→8 使用卡片:6 四叶草等级：2 成功概率：0.32351199999999997",
        "9": "8→9 使用卡片:6 四叶草等级：2 成功概率：0.09156",
        "10": "9→10 使用卡片:9 四叶草等级：4 成功概率：0.29430000000000006",
        "11": "10→11 使用卡片:8 四叶草等级：3 成功概率：0.033353999999999995",
        "12": "11→12 使用卡片:9 四叶草等级：4 成功概率：0.03706",
        "13": "12→13 使用卡片:10 四叶草等级：5 成功概率：0.041856",
        "14": "13→14 使用卡片:12 四叶草等级：6 成功概率：0.11772000000000002",
        "15": "14→15 使用卡片:12 四叶草等级：6 成功概率：0.038259",
        "16": "15→16 使用卡片:13 四叶草等级：S 成功概率：0.0327"
    },
    "单张卡片的价值": {
        "1": {
            "价值": 2.0,
            "成本": 1.0
        },
        "2": {
            "价值": 3.042535446205171,
            "成本": 1.042535446205171
        },
        "3": {
            "价值": 4.55146832887055,
            "成本": 1.508932882665379
        },
        "4": {
            "价值": 8.828536826122534,
            "成本": 4.2770684972519835
        },
        "5": {
            "价值": 19.189973593647174,
            "成本": 10.361436767524642
        },
        "6": {
            "价值": 39.96439656535081,
            "成本": 20.774422971703636
        },
        "7": {
            "价值": 101.32481376108707,
            "成本": 61.36041719573626
        },
        "8": {
            "价值": 249.58638231295163,
            "成本": 148.26156855186457
        },
        "9": {
            "价值": 773.4439245295398,
            "成本": 523.8575422165882
        },
        "10": {
            "价值": 3836.4542015582165,
            "成本": 3063.0102770286767
        },
        "11": {
            "价值": 12278.811409477858,
            "成本": 8442.35720791964
        },
        "12": {
            "价值": 36602.71655058794,
            "成本": 24323.905141110085
        },
        "13": {
            "价值": 140493.5374976019,
            "成本": 103890.82094701397
        },
        "14": {
            "价值": 468821.06511047937,
            "成本": 328327.5276128774
        },
        "15": {
            "价值": 1479059.611611641,
            "成本": 1010238.5465011615
        },
        "16": {
            "价值": 6026017.944871638,
            "成本": 4546958.333259997
        }
    }
}