{
    "当前VIP等级": 10,
    "当前公会等级": 0,
    "最佳策略": {
        "1": "0→1 使用卡片:0 成功概率：1",
        "2": "1→2 使用卡片:0 成功概率：0.9944",
        "3": "2→3 使用卡片:0 成功概率：0.6870399999999999",
        "4": "3→4 使用卡片:1 成功概率：0.4847699999999999",
        "5": "4→5 使用卡片:3 成功概率：0.45538999999999996",
        "6": "5→6 使用卡片:3 成功概率：0.22713",
        "7": "6→7 使用卡片:5 四叶草等级：1 成功概率：0.35798399999999997",
        "8": "7→8 使用卡片:6 四叶草等级：2 成功概率：0.3353839999999999",
        "9": "8→9 使用卡片:6 四叶草等级：2 成功概率：0.09491999999999998",
        "10": "9→10 使用卡片:9 四叶草等级：4 成功概率：0.3051",
        "11": "10→11 使用卡片:8 四叶草等级：3 成功概率：0.03457799999999999",
        "12": "11→12 使用卡片:9 四叶草等级：4 成功概率：0.038419999999999996",
        "13": "12→13 使用卡片:10 四叶草等级：5 成功概率：0.04339199999999999",
        "14": "13→14 使用卡片:12 四叶草等级：6 成功概率：0.12204000000000001",
        "15": "14→15 使用卡片:12 四叶草等级：6 成功概率：0.039663",
        "16": "15→16 使用卡片:13 四叶草等级：S 成功概率：0.03389999999999999"
    },
    "单张卡片的价值": {
        "1": {
            "价值": 2.0,
            "成本": 1.0
        },
        "2": {
            "价值": 3.005631536604988,
            "成本": 1.005631536604988
        },
        "3": {
            "价值": 4.461150865901681,
            "成本": 1.4555193292966933
        },
        "4": {
            "价值": 8.586818708383683,
            "成本": 4.125667842482002
        },
        "5": {
            "价值": 18.383149031626797,
            "成本": 9.796330323243113
        },
        "6": {
            "价值": 38.0245476399202,
            "成本": 19.641398608293404
        },
        "7": {
            "价值": 94.9632628663739,
            "成本": 56.938715226453695
        },
        "8": {
            "价值": 232.19267047055362,
            "成本": 137.22940760417973
        },
        "9": {
            "价值": 717.0699106719886,
            "成本": 484.87724020143503
        },
        "10": {
            "价值": 3486.8827938971235,
            "成本": 2769.812883225135
        },
        "11": {
            "价值": 11127.367219559499,
            "成本": 7640.484425662376
        },
        "12": {
            "价值": 33122.940115759106,
            "成本": 21995.572896199603
        },
        "13": {
            "价值": 125280.08414915521,
            "成本": 92157.1440333961
        },
        "14": {
            "价值": 413471.9893913636,
            "成本": 288191.90524220833
        },
        "15": {
            "价值": 1300216.313213543,
            "成本": 886744.3238221796
        },
        "16": {
            "价值": 5237445.934132577,
            "成本": 3937229.620919034
        }
    }
}