{
    "当前VIP等级": 12,
    "当前公会等级": 6,
    "最佳策略": {
        "1": "0→1 使用卡片:0 成功概率：1",
        "2": "1→2 使用卡片:0 成功概率：1",
        "3": "2→3 使用卡片:0 成功概率：0.8086399999999999",
        "4": "3→4 使用卡片:1 成功概率：0.5705699999999999",
        "5": "4→5 使用卡片:3 成功概率：0.53599",
        "6": "5→6 使用卡片:3 成功概率：0.26733",
        "7": "6→7 使用卡片:5 四叶草等级：1 成功概率：0.421344",
        "8": "7→8 使用卡片:6 四叶草等级：1 成功概率：0.33835199999999993",
        "9": "8→9 使用卡片:7 四叶草等级：2 成功概率：0.24578399999999997",
        "10": "9→10 使用卡片:9 四叶草等级：3 成功概率：0.305235",
        "11": "10→11 使用卡片:8 四叶草等级：3 成功概率：0.04069799999999999",
        "12": "11→12 使用卡片:9 四叶草等级：3 成功概率：0.038437",
        "13": "12→13 使用卡片:10 四叶草等级：5 成功概率：0.05107199999999999",
        "14": "13→14 使用卡片:12 四叶草等级：6 成功概率：0.14364",
        "15": "14→15 使用卡片:12 四叶草等级：6 成功概率：0.046682999999999995",
        "16": "15→16 使用卡片:14 四叶草等级：S 成功概率：0.11969999999999999"
    },
    "单张卡片的价值": {
        "1": {
            "价值": 2.0,
            "成本": 1.0
        },
        "2": {
            "价值": 3.0,
            "成本": 1.0
        },
        "3": {
            "价值": 4.236644242184409,
            "成本": 1.2366442421844086
        },
        "4": {
            "价值": 7.74191090534581,
            "成本": 3.5052666631614007
        },
        "5": {
            "价值": 15.646245393273587,
            "成本": 7.904334487927777
        },
        "6": {
            "价值": 31.49423941633276,
            "成本": 15.847994023059172
        },
        "7": {
            "价值": 73.37509067628565,
            "成本": 41.880851259952884
        },
        "8": {
            "价值": 172.3673810021379,
            "成本": 98.99229032585227
        },
        "9": {
            "价值": 503.4511402227774,
            "成本": 331.0837592206395
        },
        "10": {
            "价值": 2257.677032478834,
            "成本": 1754.2258922560568
        },
        "11": {
            "价值": 7279.235364636138,
            "成本": 5021.558332157304
        },
        "12": {
            "价值": 21209.852744316588,
            "成本": 13930.61737968045
        },
        "13": {
            "价值": 75440.68436396794,
            "成本": 54230.83161965136
        },
        "14": {
            "价值": 237358.3447950219,
            "成本": 161917.66043105396
        },
        "15": {
            "价值": 735566.5307367264,
            "成本": 498208.1859417045
        },
        "16": {
            "价值": 2786947.8573450968,
            "成本": 2051381.3266083703
        }
    }
}