{
    "当前VIP等级": 7,
    "当前公会等级": 2,
    "最佳策略": {
        "1": "0→1 使用卡片:0 成功概率：1",
        "2": "1→2 使用卡片:0 成功概率：0.9768000000000001",
        "3": "2→3 使用卡片:0 成功概率：0.67488",
        "4": "3→4 使用卡片:1 成功概率：0.47619000000000006",
        "5": "4→5 使用卡片:3 成功概率：0.44733000000000006",
        "6": "5→6 使用卡片:3 成功概率：0.22311000000000003",
        "7": "6→7 使用卡片:5 四叶草等级：1 成功概率：0.35164800000000007",
        "8": "7→8 使用卡片:6 四叶草等级：2 成功概率：0.32944799999999996",
        "9": "8→9 使用卡片:6 四叶草等级：2 成功概率：0.09324",
        "10": "9→10 使用卡片:9 四叶草等级：4 成功概率：0.2997",
        "11": "10→11 使用卡片:8 四叶草等级：3 成功概率：0.033965999999999996",
        "12": "11→12 使用卡片:9 四叶草等级：4 成功概率：0.03774",
        "13": "12→13 使用卡片:10 四叶草等级：5 成功概率：0.042624",
        "14": "13→14 使用卡片:12 四叶草等级：6 成功概率：0.11988000000000003",
        "15": "14→15 使用卡片:12 四叶草等级：6 成功概率：0.038961",
        "16": "15→16 使用卡片:13 四叶草等级：S 成功概率：0.0333"
    },
    "单张卡片的价值": {
        "1": {
            "价值": 2.0,
            "成本": 1.0
        },
        "2": {
            "价值": 3.0237510237510237,
            "成本": 1.0237510237510237
        },
        "3": {
            "价值": 4.505495926548558,
            "成本": 1.4817449027975342
        },
        "4": {
            "价值": 8.705500126552757,
            "成本": 4.2000042000042
        },
        "5": {
            "价值": 18.777473673036464,
            "成本": 10.071973546483708
        },
        "6": {
            "价值": 38.97153008713066,
            "成本": 20.1940564140942
        },
        "7": {
            "价值": 98.05752993082794,
            "成本": 59.08599984369728
        },
        "8": {
            "价值": 240.63399142742426,
            "成本": 142.57646149659632
        },
        "9": {
            "价值": 744.4041553820646,
            "成本": 503.7701639546403
        },
        "10": {
            "价值": 3655.3289314316626,
            "成本": 2910.9247760495978
        },
        "11": {
            "价值": 11682.00241160078,
            "成本": 8026.673480169118
        },
        "12": {
            "价值": 34798.169750818175,
            "成本": 23116.167339217394
        },
        "13": {
            "价值": 132567.71112261957,
            "成本": 97769.54137180139
        },
        "14": {
            "价值": 439926.4844861345,
            "成本": 307358.7733635149
        },
        "15": {
            "价值": 1385645.7871431035,
            "成本": 945719.302656969
        },
        "16": {
            "价值": 5612664.139173721,
            "成本": 4227018.352030617
        }
    }
}