{
    "当前VIP等级": 3,
    "当前公会等级": 3,
    "最佳策略": {
        "1": "0→1 使用卡片:0 成功概率：1",
        "2": "1→2 使用卡片:0 成功概率：0.924",
        "3": "2→3 使用卡片:0 成功概率：0.6384",
        "4": "3→4 使用卡片:1 成功概率：0.45045",
        "5": "4→5 使用卡片:3 成功概率：0.42315",
        "6": "5→6 使用卡片:3 成功概率：0.21105000000000002",
        "7": "6→7 使用卡片:4 成功概率：0.1386",
        "8": "7→8 使用卡片:6 四叶草等级：2 成功概率：0.31164",
        "9": "8→9 使用卡片:6 四叶草等级：2 成功概率：0.0882",
        "10": "9→10 使用卡片:9 四叶草等级：4 成功概率：0.28350000000000003",
        "11": "10→11 使用卡片:8 四叶草等级：3 成功概率：0.03213",
        "12": "11→12 使用卡片:9 四叶草等级：4 成功概率：0.0357",
        "13": "12→13 使用卡片:10 四叶草等级：5 成功概率：0.040319999999999995",
        "14": "13→14 使用卡片:12 四叶草等级：6 成功概率：0.11340000000000001",
        "15": "14→15 使用卡片:12 四叶草等级：6 成功概率：0.036855",
        "16": "15→16 使用卡片:13 四叶草等级：S 成功概率：0.0315"
    },
    "单张卡片的价值": {
        "1": {
            "价值": 2.0,
            "成本": 1.0
        },
        "2": {
            "价值": 3.0822510822510822,
            "成本": 1.0822510822510822
        },
        "3": {
            "价值": 4.648667122351333,
            "成本": 1.5664160401002507
        },
        "4": {
            "价值": 9.088671562355774,
            "成本": 4.44000444000444
        },
        "5": {
            "价值": 20.0745326573607,
            "成本": 10.985861095004923
        },
        "6": {
            "价值": 42.10091087271883,
            "成本": 22.02637821535813
        },
        "7": {
            "价值": 107.67574176994664,
            "成本": 65.57483089722781
        },
        "8": {
            "价值": 268.4410827811096,
            "成本": 160.76534101116297
        },
        "9": {
            "价值": 836.478621020552,
            "成本": 568.0375382394425
        },
        "10": {
            "价值": 4238.519612274704,
            "成本": 3402.0409912541513
        },
        "11": {
            "价值": 13589.315839511231,
            "成本": 9350.796227236528
        },
        "12": {
            "价值": 40605.52371123538,
            "成本": 27016.207871724146
        },
        "13": {
            "价值": 158425.95060296913,
            "成本": 117820.42689173375
        },
        "14": {
            "价值": 534559.3166632458,
            "成本": 376133.36606027663
        },
        "15": {
            "价值": 1691892.7506948663,
            "成本": 1157333.4340316206
        },
        "16": {
            "价值": 6981351.499995474,
            "成本": 5289458.7493006075
        }
    }
}