{
    "当前VIP等级": 4,
    "当前公会等级": 4,
    "最佳策略": {
        "1": "0→1 使用卡片:0 成功概率：1",
        "2": "1→2 使用卡片:0 成功概率：0.9856000000000001",
        "3": "2→3 使用卡片:0 成功概率：0.68096",
        "4": "3→4 使用卡片:1 成功概率：0.48048",
        "5": "4→5 使用卡片:3 成功概率：0.4513600000000001",
        "6": "5→6 使用卡片:3 成功概率：0.22512000000000004",
        "7": "6→7 使用卡片:5 四叶草等级：1 成功概率：0.3548160000000001",
        "8": "7→8 使用卡片:6 四叶草等级：2 成功概率：0.332416",
        "9": "8→9 使用卡片:6 四叶草等级：2 成功概率：0.09408",
        "10": "9→10 使用卡片:9 四叶草等级：4 成功概率：0.30240000000000006",
        "11": "10→11 使用卡片:8 四叶草等级：3 成功概率：0.034272",
        "12": "11→12 使用卡片:9 四叶草等级：4 成功概率：0.03808000000000001",
        "13": "12→13 使用卡片:10 四叶草等级：5 成功概率：0.043008",
        "14": "13→14 使用卡片:12 四叶草等级：6 成功概率：0.12096000000000003",
        "15": "14→15 使用卡片:12 四叶草等级：6 成功概率：0.039312",
        "16": "15→16 使用卡片:13 四叶草等级：S 成功概率：0.033600000000000005"
    },
    "单张卡片的价值": {
        "1": {
            "价值": 2.0,
            "成本": 1.0
        },
        "2": {
            "价值": 3.0146103896103895,
            "成本": 1.0146103896103895
        },
        "3": {
            "价值": 4.483125427204374,
            "成本": 1.468515037593985
        },
        "4": {
            "价值": 8.645629589708538,
            "成本": 4.162504162504162
        },
        "5": {
            "价值": 18.578112368874557,
            "成本": 9.932482779166017
        },
        "6": {
            "价值": 38.49249326441637,
            "成本": 19.914380895541814
        },
        "7": {
            "价值": 96.48906717561132,
            "成本": 57.996573911194965
        },
        "8": {
            "价值": 236.3514482415539,
            "成本": 139.86238106594257
        },
        "9": {
            "价值": 730.5318613412177,
            "成本": 494.1804130996638
        },
        "10": {
            "价值": 3569.5922493743446,
            "成本": 2839.060388033127
        },
        "11": {
            "价值": 11399.641509457033,
            "成本": 7830.049260082689
        },
        "12": {
            "价值": 33945.1210614848,
            "成本": 22545.47955202777
        },
        "13": {
            "价值": 128848.21465742847,
            "成本": 94903.09359594366
        },
        "14": {
            "价值": 426410.3927451004,
            "成本": 297562.1780876719
        },
        "15": {
            "价值": 1341986.3253225526,
            "成本": 915575.9325774523
        },
        "16": {
            "价值": 5420564.142507924,
            "成本": 4078577.8171853707
        }
    }
}