{
    "当前VIP等级": 2,
    "当前公会等级": 6,
    "最佳策略": {
        "1": "0→1 使用卡片:0 成功概率：1",
        "2": "1→2 使用卡片:0 成功概率：1",
        "3": "2→3 使用卡片:0 成功概率：0.7052799999999999",
        "4": "3→4 使用卡片:1 成功概率：0.49763999999999997",
        "5": "4→5 使用卡片:3 成功概率：0.46748",
        "6": "5→6 使用卡片:3 成功概率：0.23316",
        "7": "6→7 使用卡片:5 四叶草等级：1 成功概率：0.367488",
        "8": "7→8 使用卡片:6 四叶草等级：2 成功概率：0.3442879999999999",
        "9": "8→9 使用卡片:6 四叶草等级：2 成功概率：0.09743999999999998",
        "10": "9→10 使用卡片:9 四叶草等级：4 成功概率：0.3132",
        "11": "10→11 使用卡片:8 四叶草等级：3 成功概率：0.03549599999999999",
        "12": "11→12 使用卡片:9 四叶草等级：4 成功概率：0.03944",
        "13": "12→13 使用卡片:10 四叶草等级：5 成功概率：0.04454399999999999",
        "14": "13→14 使用卡片:12 四叶草等级：6 成功概率：0.12528",
        "15": "14→15 使用卡片:12 四叶草等级：6 成功概率：0.040715999999999995",
        "16": "15→16 使用卡片:13 四叶草等级：S 成功概率：0.0348"
    },
    "单张卡片的价值": {
        "1": {
            "价值": 2.0,
            "成本": 1.0
        },
        "2": {
            "价值": 3.0,
            "成本": 1.0
        },
        "3": {
            "价值": 4.4178765880217785,
            "成本": 1.4178765880217787
        },
        "4": {
            "价值": 8.436846124232694,
            "成本": 4.018969536210916
        },
        "5": {
            "价值": 17.887253816586973,
            "成本": 9.450407692354279
        },
        "6": {
            "价值": 36.835086154988836,
            "成本": 18.947832338401863
        },
        "7": {
            "价值": 90.95182960399119,
            "成本": 54.11674344900235
        },
        "8": {
            "价值": 221.17735635772306,
            "成本": 130.22552675373188
        },
        "9": {
            "价值": 681.3075508875756,
            "成本": 460.13019452985264
        },
        "10": {
            "价值": 3265.3035626614446,
            "成本": 2583.9960117738688
        },
        "11": {
            "价值": 10397.863748533742,
            "成本": 7132.5601858722985
        },
        "12": {
            "价值": 30917.832077326228,
            "成本": 20519.968328792485
        },
        "13": {
            "价值": 115717.21162701743,
            "成本": 84799.3795496912
        },
        "14": {
            "价值": 378854.4408521629,
            "成本": 263137.2292251455
        },
        "15": {
            "价值": 1188507.4538526107,
            "成本": 809653.0130004477
        },
        "16": {
            "价值": 4749116.983364606,
            "成本": 3560609.529511995
        }
    }
}