{
    "当前VIP等级": 4,
    "当前公会等级": 2,
    "最佳策略": {
        "1": "0→1 使用卡片:0 成功概率：1",
        "2": "1→2 使用卡片:0 成功概率：0.9416000000000001",
        "3": "2→3 使用卡片:0 成功概率：0.65056",
        "4": "3→4 使用卡片:1 成功概率：0.45903",
        "5": "4→5 使用卡片:3 成功概率：0.43121000000000004",
        "6": "5→6 使用卡片:3 成功概率：0.21507000000000004",
        "7": "6→7 使用卡片:4 成功概率：0.14124",
        "8": "7→8 使用卡片:6 四叶草等级：2 成功概率：0.31757599999999997",
        "9": "8→9 使用卡片:6 四叶草等级：2 成功概率：0.08988",
        "10": "9→10 使用卡片:9 四叶草等级：4 成功概率：0.28890000000000005",
        "11": "10→11 使用卡片:8 四叶草等级：3 成功概率：0.032742",
        "12": "11→12 使用卡片:9 四叶草等级：4 成功概率：0.03638",
        "13": "12→13 使用卡片:10 四叶草等级：5 成功概率：0.041088",
        "14": "13→14 使用卡片:12 四叶草等级：6 成功概率：0.11556000000000002",
        "15": "14→15 使用卡片:12 四叶草等级：6 成功概率：0.037557",
        "16": "15→16 使用卡片:13 四叶草等级：S 成功概率：0.032100000000000004"
    },
    "单张卡片的价值": {
        "1": {
            "价值": 2.0,
            "成本": 1.0
        },
        "2": {
            "价值": 3.062022090059473,
            "成本": 1.062022090059473
        },
        "3": {
            "价值": 4.599159325671868,
            "成本": 1.5371372356123953
        },
        "4": {
            "价值": 8.956173028479963,
            "成本": 4.3570137028080955
        },
        "5": {
            "价值": 19.621879588327527,
            "成本": 10.665706559847564
        },
        "6": {
            "价值": 41.006355924738315,
            "成本": 21.384476336410785
        },
        "7": {
            "价值": 104.41737991567547,
            "成本": 63.411023990937146
        },
        "8": {
            "价值": 258.7311691338101,
            "成本": 154.31378921813462
        },
        "9": {
            "价值": 803.9732243712191,
            "成本": 545.242055237409
        },
        "10": {
            "价值": 4029.9103111528702,
            "成本": 3225.937086781651
        },
        "11": {
            "价值": 12909.366945867001,
            "成本": 8879.456634714132
        },
        "12": {
            "价值": 38527.102635015406,
            "成本": 25617.735689148405
        },
        "13": {
            "价值": 149068.14408636058,
            "成本": 110541.04145134517
        },
        "14": {
            "价值": 500185.33545894106,
            "成本": 351117.1913725805
        },
        "15": {
            "价值": 1580545.9242976503,
            "成本": 1080360.5888387093
        },
        "16": {
            "价值": 6479615.833530067,
            "成本": 4899069.909232416
        }
    }
}