{
    "当前VIP等级": 7,
    "当前公会等级": 5,
    "最佳策略": {
        "1": "0→1 使用卡片:0 成功概率：1",
        "2": "1→2 使用卡片:0 成功概率：1",
        "3": "2→3 使用卡片:0 成功概率：0.7296000000000001",
        "4": "3→4 使用卡片:1 成功概率：0.5148",
        "5": "4→5 使用卡片:3 成功概率：0.4836000000000001",
        "6": "5→6 使用卡片:3 成功概率：0.24120000000000005",
        "7": "6→7 使用卡片:5 四叶草等级：1 成功概率：0.3801600000000001",
        "8": "7→8 使用卡片:6 四叶草等级：2 成功概率：0.35616",
        "9": "8→9 使用卡片:7 四叶草等级：2 成功概率：0.22176",
        "10": "9→10 使用卡片:9 四叶草等级：4 成功概率：0.32400000000000007",
        "11": "10→11 使用卡片:8 四叶草等级：3 成功概率：0.03672",
        "12": "11→12 使用卡片:9 四叶草等级：4 成功概率：0.04080000000000001",
        "13": "12→13 使用卡片:10 四叶草等级：5 成功概率：0.04608",
        "14": "13→14 使用卡片:12 四叶草等级：6 成功概率：0.12960000000000002",
        "15": "14→15 使用卡片:12 四叶草等级：6 成功概率：0.042120000000000005",
        "16": "15→16 使用卡片:13 四叶草等级：S 成功概率：0.036000000000000004"
    },
    "单张卡片的价值": {
        "1": {
            "价值": 2.0,
            "成本": 1.0
        },
        "2": {
            "价值": 3.0,
            "成本": 1.0
        },
        "3": {
            "价值": 4.370614035087719,
            "成本": 1.370614035087719
        },
        "4": {
            "价值": 8.255617920091604,
            "成本": 3.8850038850038846
        },
        "5": {
            "价值": 17.293281350794082,
            "成本": 9.037663430702478
        },
        "6": {
            "价值": 35.413571711854274,
            "成本": 18.120290361060192
        },
        "7": {
            "价值": 86.1639961405003,
            "成本": 50.750424428646035
        },
        "8": {
            "价值": 208.0574477124182,
            "成本": 121.8934515719179
        },
        "9": {
            "价值": 632.6786424296814,
            "成本": 424.6211947172632
        },
        "10": {
            "价值": 2980.4522301756115,
            "成本": 2347.77358774593
        },
        "11": {
            "价值": 9517.964422779592,
            "成本": 6537.512192603981
        },
        "12": {
            "价值": 28162.048796056093,
            "成本": 18644.084373276502
        },
        "13": {
            "价值": 103953.11281896432,
            "成本": 75791.06402290823
        },
        "14": {
            "价值": 337055.34118359466,
            "成本": 233102.2283646303
        },
        "15": {
            "价值": 1054292.9669209188,
            "成本": 717237.6257373241
        },
        "16": {
            "价值": 4169434.9896699274,
            "成本": 3115142.0227490086
        }
    }
}