{
    "当前VIP等级": 6,
    "当前公会等级": 2,
    "最佳策略": {
        "1": "0→1 使用卡片:0 成功概率：1",
        "2": "1→2 使用卡片:0 成功概率：0.9680000000000001",
        "3": "2→3 使用卡片:0 成功概率：0.6688000000000001",
        "4": "3→4 使用卡片:1 成功概率：0.47190000000000004",
        "5": "4→5 使用卡片:3 成功概率：0.4433000000000001",
        "6": "5→6 使用卡片:3 成功概率：0.22110000000000002",
        "7": "6→7 使用卡片:5 四叶草等级：1 成功概率：0.34848000000000007",
        "8": "7→8 使用卡片:6 四叶草等级：2 成功概率：0.32648",
        "9": "8→9 使用卡片:6 四叶草等级：2 成功概率：0.0924",
        "10": "9→10 使用卡片:9 四叶草等级：4 成功概率：0.29700000000000004",
        "11": "10→11 使用卡片:8 四叶草等级：3 成功概率：0.033659999999999995",
        "12": "11→12 使用卡片:9 四叶草等级：4 成功概率：0.0374",
        "13": "12→13 使用卡片:10 四叶草等级：5 成功概率：0.04224",
        "14": "13→14 使用卡片:12 四叶草等级：6 成功概率：0.11880000000000002",
        "15": "14→15 使用卡片:12 四叶草等级：6 成功概率：0.038610000000000005",
        "16": "15→16 使用卡片:13 四叶草等级：S 成功概率：0.033"
    },
    "单张卡片的价值": {
        "1": {
            "价值": 2.0,
            "成本": 1.0
        },
        "2": {
            "价值": 3.0330578512396693,
            "成本": 1.0330578512396693
        },
        "3": {
            "价值": 4.528273162244454,
            "成本": 1.4952153110047846
        },
        "4": {
            "价值": 8.76645921861233,
            "成本": 4.238186056367875
        },
        "5": {
            "价值": 18.98137724758696,
            "成本": 10.21491802897463
        },
        "6": {
            "价值": 39.46203379324256,
            "成本": 20.480656545655602
        },
        "7": {
            "价值": 99.67030183613443,
            "成本": 60.20826804289186
        },
        "8": {
            "价值": 245.04531345474066,
            "成本": 145.37501161860624
        },
        "9": {
            "价值": 758.7036878404826,
            "成本": 513.658374385742
        },
        "10": {
            "价值": 3744.2379903336896,
            "成本": 2985.534302493207
        },
        "11": {
            "价值": 11974.936548109707,
            "成本": 8230.698557776017
        },
        "12": {
            "价值": 35683.591303202826,
            "成本": 23708.654755093117
        },
        "13": {
            "价值": 136446.80130163298,
            "成本": 100763.20999843015
        },
        "14": {
            "价值": 454052.7887023301,
            "成本": 317605.98740069714
        },
        "15": {
            "价值": 1431301.9807044752,
            "成本": 977249.192002145
        },
        "16": {
            "价值": 5814295.959541838,
            "成本": 4382993.9788373625
        }
    }
}