{
    "当前VIP等级": 5,
    "当前公会等级": 1,
    "最佳策略": {
        "1": "0→1 使用卡片:0 成功概率：1",
        "2": "1→2 使用卡片:0 成功概率：0.9328000000000001",
        "3": "2→3 使用卡片:0 成功概率：0.64448",
        "4": "3→4 使用卡片:1 成功概率：0.45474000000000003",
        "5": "4→5 使用卡片:3 成功概率：0.42718000000000006",
        "6": "5→6 使用卡片:3 成功概率：0.21306000000000003",
        "7": "6→7 使用卡片:4 成功概率：0.13992000000000002",
        "8": "7→8 使用卡片:6 四叶草等级：2 成功概率：0.31460799999999994",
        "9": "8→9 使用卡片:6 四叶草等级：2 成功概率：0.08904",
        "10": "9→10 使用卡片:9 四叶草等级：4 成功概率：0.2862",
        "11": "10→11 使用卡片:8 四叶草等级：3 成功概率：0.032436",
        "12": "11→12 使用卡片:9 四叶草等级：4 成功概率：0.03604",
        "13": "12→13 使用卡片:10 四叶草等级：5 成功概率：0.040704",
        "14": "13→14 使用卡片:12 四叶草等级：6 成功概率：0.11448000000000001",
        "15": "14→15 使用卡片:12 四叶草等级：6 成功概率：0.037206",
        "16": "15→16 使用卡片:13 四叶草等级：S 成功概率：0.0318"
    },
    "单张卡片的价值": {
        "1": {
            "价值": 2.0,
            "成本": 1.0
        },
        "2": {
            "价值": 3.0720411663807887,
            "成本": 1.072041166380789
        },
        "3": {
            "价值": 4.6236796966687725,
            "成本": 1.551638530287984
        },
        "4": {
            "价值": 9.021797302333548,
            "成本": 4.398117605664775
        },
        "5": {
            "价值": 19.845524294863097,
            "成本": 10.823726992529547
        },
        "6": {
            "价值": 41.546827667944726,
            "成本": 21.70130337308163
        },
        "7": {
            "价值": 106.02508168690947,
            "成本": 64.47825401896475
        },
        "8": {
            "价值": 263.51258253858754,
            "成本": 157.48750085167808
        },
        "9": {
            "价值": 819.9684188811834,
            "成本": 556.4558363425958
        },
        "10": {
            "价值": 4132.227045300413,
            "成本": 3312.258626419229
        },
        "11": {
            "价值": 13242.862836969778,
            "成本": 9110.635791669365
        },
        "12": {
            "价值": 39546.09310559307,
            "成本": 26303.23026862329
        },
        "13": {
            "价值": 153643.65219807572,
            "成本": 114097.55909248264
        },
        "14": {
            "价值": 516974.3047626553,
            "成本": 363330.65256457956
        },
        "15": {
            "价值": 1634914.7741921307,
            "成本": 1117940.4694294755
        },
        "16": {
            "价值": 6724086.226961806,
            "成本": 5089171.452769676
        }
    }
}