{
    "当前VIP等级": 9,
    "当前公会等级": 2,
    "最佳策略": {
        "1": "0→1 使用卡片:0 成功概率：1",
        "2": "1→2 使用卡片:0 成功概率：1",
        "3": "2→3 使用卡片:0 成功概率：0.6931200000000001",
        "4": "3→4 使用卡片:1 成功概率：0.48906000000000005",
        "5": "4→5 使用卡片:3 成功概率：0.4594200000000001",
        "6": "5→6 使用卡片:3 成功概率：0.22914000000000004",
        "7": "6→7 使用卡片:5 四叶草等级：1 成功概率：0.3611520000000001",
        "8": "7→8 使用卡片:6 四叶草等级：2 成功概率：0.338352",
        "9": "8→9 使用卡片:6 四叶草等级：2 成功概率：0.09576",
        "10": "9→10 使用卡片:9 四叶草等级：4 成功概率：0.3078000000000001",
        "11": "10→11 使用卡片:8 四叶草等级：3 成功概率：0.034884",
        "12": "11→12 使用卡片:9 四叶草等级：4 成功概率：0.03876000000000001",
        "13": "12→13 使用卡片:10 四叶草等级：5 成功概率：0.043776",
        "14": "13→14 使用卡片:12 四叶草等级：6 成功概率：0.12312000000000002",
        "15": "14→15 使用卡片:12 四叶草等级：6 成功概率：0.040014",
        "16": "15→16 使用卡片:13 四叶草等级：S 成功概率：0.0342"
    },
    "单张卡片的价值": {
        "1": {
            "价值": 2.0,
            "成本": 1.0
        },
        "2": {
            "价值": 3.0,
            "成本": 1.0
        },
        "3": {
            "价值": 4.44275161588181,
            "成本": 1.4427516158818097
        },
        "4": {
            "价值": 8.532229389570109,
            "成本": 4.0894777736883
        },
        "5": {
            "价值": 18.202578124674826,
            "成本": 9.670348735104717
        },
        "6": {
            "价值": 37.5913867826211,
            "成本": 19.388808657946274
        },
        "7": {
            "价值": 93.53065369703614,
            "成本": 55.93926691441504
        },
        "8": {
            "价值": 228.2760868040404,
            "成本": 134.74543310700426
        },
        "9": {
            "价值": 704.3766171154555,
            "成本": 476.100530311415
        },
        "10": {
            "价值": 3408.654125612711,
            "成本": 2704.2775084972554
        },
        "11": {
            "价值": 10869.842257823479,
            "成本": 7461.188132210767
        },
        "12": {
            "价值": 32344.98717824286,
            "成本": 21475.14492041938
        },
        "13": {
            "价值": 121906.71336639873,
            "成本": 89561.72618815587
        },
        "14": {
            "价值": 401251.9633521269,
            "成本": 279345.2499857282
        },
        "15": {
            "价值": 1260775.8094620598,
            "成本": 859523.846109933
        },
        "16": {
            "价值": 5064831.755847988,
            "成本": 3804055.946385928
        }
    }
}