{
    "当前VIP等级": 2,
    "当前公会等级": 2,
    "最佳策略": {
        "1": "0→1 使用卡片:0 成功概率：1",
        "2": "1→2 使用卡片:0 成功概率：0.9064",
        "3": "2→3 使用卡片:0 成功概率：0.62624",
        "4": "3→4 使用卡片:1 成功概率：0.44187",
        "5": "4→5 使用卡片:3 成功概率：0.41509",
        "6": "5→6 使用卡片:3 成功概率：0.20703000000000002",
        "7": "6→7 使用卡片:4 成功概率：0.13596",
        "8": "7→8 使用卡片:6 四叶草等级：2 成功概率：0.305704",
        "9": "8→9 使用卡片:6 四叶草等级：2 成功概率：0.08652",
        "10": "9→10 使用卡片:9 四叶草等级：4 成功概率：0.2781",
        "11": "10→11 使用卡片:8 四叶草等级：3 成功概率：0.031518",
        "12": "11→12 使用卡片:9 四叶草等级：4 成功概率：0.03502",
        "13": "12→13 使用卡片:10 四叶草等级：5 成功概率：0.039552",
        "14": "13→14 使用卡片:12 四叶草等级：6 成功概率：0.11124000000000002",
        "15": "14→15 使用卡片:12 四叶草等级：6 成功概率：0.036153",
        "16": "15→16 使用卡片:13 四叶草等级：S 成功概率：0.0309"
    },
    "单张卡片的价值": {
        "1": {
            "价值": 2.0,
            "成本": 1.0
        },
        "2": {
            "价值": 3.1032656663724625,
            "成本": 1.1032656663724625
        },
        "3": {
            "价值": 4.700097551911552,
            "成本": 1.5968318855390904
        },
        "4": {
            "价值": 9.22631567036268,
            "成本": 4.526218118451128
        },
        "5": {
            "价值": 20.5493963321747,
            "成本": 11.323080661812023
        },
        "6": {
            "价值": 43.25189139043462,
            "成本": 22.702495058259924
        },
        "7": {
            "价值": 111.11240676527046,
            "成本": 67.86051537483584
        },
        "8": {
            "价值": 278.7644211008193,
            "成本": 167.65201433554884
        },
        "9": {
            "价值": 871.1348717530918,
            "成本": 592.3704506522726
        },
        "10": {
            "价值": 4463.852857201102,
            "成本": 3592.7179854480105
        },
        "11": {
            "价值": 14323.755804749148,
            "成本": 9859.902947548046
        },
        "12": {
            "价值": 42854.16333624806,
            "成本": 28530.40753149891
        },
        "13": {
            "价值": 168659.5045882986,
            "成本": 125805.34125205052
        },
        "14": {
            "价值": 572310.7391824019,
            "成本": 403651.2345941033
        },
        "15": {
            "价值": 1814314.5379334893,
            "成本": 1242003.7987510874
        },
        "16": {
            "价值": 7537664.200985223,
            "成本": 5723349.663051734
        }
    }
}