{
    "当前VIP等级": 10,
    "当前公会等级": 3,
    "最佳策略": {
        "1": "0→1 使用卡片:0 成功概率：1",
        "2": "1→2 使用卡片:0 成功概率：1",
        "3": "2→3 使用卡片:0 成功概率：0.7174400000000001",
        "4": "3→4 使用卡片:1 成功概率：0.5062200000000001",
        "5": "4→5 使用卡片:3 成功概率：0.4755400000000001",
        "6": "5→6 使用卡片:3 成功概率：0.23718000000000006",
        "7": "6→7 使用卡片:5 四叶草等级：1 成功概率：0.3738240000000001",
        "8": "7→8 使用卡片:6 四叶草等级：2 成功概率：0.350224",
        "9": "8→9 使用卡片:7 四叶草等级：2 成功概率：0.218064",
        "10": "9→10 使用卡片:9 四叶草等级：4 成功概率：0.31860000000000005",
        "11": "10→11 使用卡片:8 四叶草等级：3 成功概率：0.036108",
        "12": "11→12 使用卡片:9 四叶草等级：4 成功概率：0.04012000000000001",
        "13": "12→13 使用卡片:10 四叶草等级：5 成功概率：0.045312000000000005",
        "14": "13→14 使用卡片:12 四叶草等级：6 成功概率：0.12744000000000003",
        "15": "14→15 使用卡片:12 四叶草等级：6 成功概率：0.041418",
        "16": "15→16 使用卡片:13 四叶草等级：S 成功概率：0.0354"
    },
    "单张卡片的价值": {
        "1": {
            "价值": 2.0,
            "成本": 1.0
        },
        "2": {
            "价值": 3.0,
            "成本": 1.0
        },
        "3": {
            "价值": 4.393844781445138,
            "成本": 1.393844781445138
        },
        "4": {
            "价值": 8.344696189923663,
            "成本": 3.9508514084785262
        },
        "5": {
            "价值": 17.584391654963696,
            "成本": 9.239695465040032
        },
        "6": {
            "价值": 36.10975121919819,
            "成本": 18.525359564234492
        },
        "7": {
            "价值": 88.49908859444346,
            "成本": 52.389337375245276
        },
        "8": {
            "价值": 214.4463429779186,
            "成本": 125.94725438347513
        },
        "9": {
            "价值": 656.9727966541029,
            "成本": 442.52645367618436
        },
        "10": {
            "价值": 3120.7919951917766,
            "成本": 2463.8191985376734
        },
        "11": {
            "价值": 9946.047976634076,
            "成本": 6825.2559814423
        },
        "12": {
            "价值": 29511.67102384501,
            "成本": 19565.623047210935
        },
        "13": {
            "价值": 109684.51696292905,
            "成本": 80172.84593908404
        },
        "14": {
            "价值": 357327.8865787875,
            "成本": 247643.36961585848
        },
        "15": {
            "价值": 1119307.4853968136,
            "成本": 761979.5988180261
        },
        "16": {
            "价值": 4449152.597343962,
            "成本": 3329845.111947148
        }
    }
}