{
    "当前VIP等级": 5,
    "当前公会等级": 6,
    "最佳策略": {
        "1": "0→1 使用卡片:0 成功概率：1",
        "2": "1→2 使用卡片:0 成功概率：1",
        "3": "2→3 使用卡片:0 成功概率：0.73568",
        "4": "3→4 使用卡片:1 成功概率：0.5190899999999999",
        "5": "4→5 使用卡片:3 成功概率：0.48763",
        "6": "5→6 使用卡片:3 成功概率：0.24321",
        "7": "6→7 使用卡片:5 四叶草等级：1 成功概率：0.383328",
        "8": "7→8 使用卡片:6 四叶草等级：2 成功概率：0.35912799999999995",
        "9": "8→9 使用卡片:7 四叶草等级：2 成功概率：0.22360799999999997",
        "10": "9→10 使用卡片:9 四叶草等级：4 成功概率：0.3267",
        "11": "10→11 使用卡片:8 四叶草等级：3 成功概率：0.037025999999999996",
        "12": "11→12 使用卡片:9 四叶草等级：4 成功概率：0.04114",
        "13": "12→13 使用卡片:10 四叶草等级：5 成功概率：0.04646399999999999",
        "14": "13→14 使用卡片:12 四叶草等级：6 成功概率：0.13068000000000002",
        "15": "14→15 使用卡片:12 四叶草等级：6 成功概率：0.042470999999999995",
        "16": "15→16 使用卡片:15 四叶草等级：SSS 成功概率：0.38332799999999995"
    },
    "单张卡片的价值": {
        "1": {
            "价值": 2.0,
            "成本": 1.0
        },
        "2": {
            "价值": 3.0,
            "成本": 1.0
        },
        "3": {
            "价值": 4.359286646367986,
            "成本": 1.359286646367986
        },
        "4": {
            "价值": 8.212183061247872,
            "成本": 3.8528964148798863
        },
        "5": {
            "价值": 17.15192558399665,
            "成本": 8.939742522748777
        },
        "6": {
            "价值": 35.07588696045315,
            "成本": 17.9239613764565
        },
        "7": {
            "价值": 85.03812708900273,
            "成本": 49.962240128549574
        },
        "8": {
            "价值": 204.98390397204486,
            "成本": 119.94577688304213
        },
        "9": {
            "价值": 621.0608202228174,
            "成本": 416.0769162507725
        },
        "10": {
            "价值": 2913.8701872960264,
            "成本": 2292.809367073209
        },
        "11": {
            "价值": 9314.34293542018,
            "成本": 6400.4727481241525
        },
        "12": {
            "价值": 27521.94673276625,
            "成本": 18207.60379734607
        },
        "13": {
            "价值": 101253.6570309762,
            "成本": 73731.71029820995
        },
        "14": {
            "价值": 327531.18023855385,
            "成本": 226277.52320757764
        },
        "15": {
            "价值": 1023769.7131849467,
            "成本": 696238.5329463929
        },
        "16": {
            "价值": 4036442.1847626735,
            "成本": 3012672.471577727
        }
    }
}