{
    "当前VIP等级": 11,
    "当前公会等级": 6,
    "最佳策略": {
        "1": "0→1 使用卡片:0 成功概率：1",
        "2": "1→2 使用卡片:0 成功概率：1",
        "3": "2→3 使用卡片:0 成功概率：0.7964799999999999",
        "4": "3→4 使用卡片:1 成功概率：0.5619899999999999",
        "5": "4→5 使用卡片:3 成功概率：0.52793",
        "6": "5→6 使用卡片:3 成功概率：0.26331",
        "7": "6→7 使用卡片:5 四叶草等级：1 成功概率：0.415008",
        "8": "7→8 使用卡片:6 四叶草等级：1 成功概率：0.3332639999999999",
        "9": "8→9 使用卡片:7 四叶草等级：2 成功概率：0.24208799999999997",
        "10": "9→10 使用卡片:9 四叶草等级：4 成功概率：0.35369999999999996",
        "11": "10→11 使用卡片:8 四叶草等级：3 成功概率：0.04008599999999999",
        "12": "11→12 使用卡片:9 四叶草等级：4 成功概率：0.044539999999999996",
        "13": "12→13 使用卡片:10 四叶草等级：5 成功概率：0.05030399999999999",
        "14": "13→14 使用卡片:12 四叶草等级：6 成功概率：0.14148",
        "15": "14→15 使用卡片:12 四叶草等级：6 成功概率：0.045980999999999994",
        "16": "15→16 使用卡片:15 四叶草等级：SSS 成功概率：0.41500799999999993"
    },
    "单张卡片的价值": {
        "1": {
            "价值": 2.0,
            "成本": 1.0
        },
        "2": {
            "价值": 3.0,
            "成本": 1.0
        },
        "3": {
            "价值": 4.255524306950583,
            "成本": 1.2555243069505828
        },
        "4": {
            "价值": 7.814306491686967,
            "成本": 3.558782184736384
        },
        "5": {
            "价值": 15.875080281679168,
            "成本": 8.0607737899922
        },
        "6": {
            "价值": 32.03673121385259,
            "成本": 16.16165093217342
        },
        "7": {
            "价值": 75.10838352339643,
            "成本": 43.071652309543836
        },
        "8": {
            "价值": 177.23982050384615,
            "成本": 102.13143698044973
        },
        "9": {
            "价值": 520.5380571921431,
            "成本": 343.298236688297
        },
        "10": {
            "价值": 2354.1203506389716,
            "成本": 1833.5822934468283
        },
        "11": {
            "价值": 7573.893351283741,
            "成本": 5219.773000644769
        },
        "12": {
            "价值": 22134.69391689091,
            "成本": 14560.800565607165
        },
        "13": {
            "价值": 79110.68689237938,
            "成本": 56975.99297548847
        },
        "14": {
            "价值": 250037.27663574176,
            "成本": 170926.5897433624
        },
        "15": {
            "价值": 775965.2450768568,
            "成本": 525927.9684411151
        },
        "16": {
            "价值": 2961555.029073447,
            "成本": 2185589.7839965904
        }
    }
}