{
    "当前VIP等级": 6,
    "当前公会等级": 4,
    "最佳策略": {
        "1": "0→1 使用卡片:0 成功概率：1",
        "2": "1→2 使用卡片:0 成功概率：1",
        "3": "2→3 使用卡片:0 成功概率：0.6992",
        "4": "3→4 使用卡片:1 成功概率：0.49335000000000007",
        "5": "4→5 使用卡片:3 成功概率：0.4634500000000001",
        "6": "5→6 使用卡片:3 成功概率：0.23115000000000005",
        "7": "6→7 使用卡片:5 四叶草等级：1 成功概率：0.3643200000000001",
        "8": "7→8 使用卡片:6 四叶草等级：2 成功概率：0.34132",
        "9": "8→9 使用卡片:6 四叶草等级：2 成功概率：0.0966",
        "10": "9→10 使用卡片:9 四叶草等级：4 成功概率：0.31050000000000005",
        "11": "10→11 使用卡片:8 四叶草等级：3 成功概率：0.03519",
        "12": "11→12 使用卡片:9 四叶草等级：4 成功概率：0.03910000000000001",
        "13": "12→13 使用卡片:10 四叶草等级：5 成功概率：0.04416",
        "14": "13→14 使用卡片:12 四叶草等级：6 成功概率：0.12420000000000003",
        "15": "14→15 使用卡片:12 四叶草等级：6 成功概率：0.040365000000000005",
        "16": "15→16 使用卡片:13 四叶草等级：S 成功概率：0.0345"
    },
    "单张卡片的价值": {
        "1": {
            "价值": 2.0,
            "成本": 1.0
        },
        "2": {
            "价值": 3.0,
            "成本": 1.0
        },
        "3": {
            "价值": 4.4302059496567505,
            "成本": 1.4302059496567505
        },
        "4": {
            "价值": 8.484123047052108,
            "成本": 4.053917097395358
        },
        "5": {
            "价值": 18.04331163191941,
            "成本": 9.559188584867298
        },
        "6": {
            "价值": 37.20924695381753,
            "成本": 19.165935321898115
        },
        "7": {
            "价值": 92.22492446786947,
            "成本": 55.015677514051944
        },
        "8": {
            "价值": 224.6790641427128,
            "成本": 132.45413967484333
        },
        "9": {
            "价值": 692.6836909938258,
            "成本": 468.0046268511131
        },
        "10": {
            "价值": 3335.7873656921374,
            "成本": 2643.1036746983114
        },
        "11": {
            "价值": 10629.87841834098,
            "成本": 7294.091052648844
        },
        "12": {
            "价值": 31619.231129180513,
            "成本": 20989.352710839532
        },
        "13": {
            "价值": 118752.09720010754,
            "成本": 87132.86607092703
        },
        "14": {
            "价值": 389824.8116057476,
            "成本": 271072.7144056401
        },
        "15": {
            "价值": 1223894.7020846403,
            "成本": 834069.8904788927
        },
        "16": {
            "价值": 4903433.751363119,
            "成本": 3679539.049278479
        }
    }
}