{
    "当前VIP等级": 3,
    "当前公会等级": 0,
    "最佳策略": {
        "1": "0→1 使用卡片:0 成功概率：1",
        "2": "1→2 使用卡片:0 成功概率：0.88",
        "3": "2→3 使用卡片:0 成功概率：0.608",
        "4": "3→4 使用卡片:1 成功概率：0.429",
        "5": "4→5 使用卡片:3 成功概率：0.403",
        "6": "5→6 使用卡片:3 成功概率：0.201",
        "7": "6→7 使用卡片:4 成功概率：0.132",
        "8": "7→8 使用卡片:6 四叶草等级：2 成功概率：0.29679999999999995",
        "9": "8→9 使用卡片:6 四叶草等级：2 成功概率：0.08399999999999999",
        "10": "9→10 使用卡片:9 四叶草等级：4 成功概率：0.27",
        "11": "10→11 使用卡片:8 四叶草等级：3 成功概率：0.030599999999999995",
        "12": "11→12 使用卡片:9 四叶草等级：4 成功概率：0.034",
        "13": "12→13 使用卡片:10 四叶草等级：5 成功概率：0.0384",
        "14": "13→14 使用卡片:12 四叶草等级：6 成功概率：0.10800000000000001",
        "15": "14→15 使用卡片:12 四叶草等级：6 成功概率：0.0351",
        "16": "15→16 使用卡片:13 四叶草等级：S 成功概率：0.03"
    },
    "单张卡片的价值": {
        "1": {
            "价值": 2.0,
            "成本": 1.0
        },
        "2": {
            "价值": 3.1363636363636367,
            "成本": 1.1363636363636365
        },
        "3": {
            "价值": 4.7811004784689,
            "成本": 1.6447368421052633
        },
        "4": {
            "价值": 9.443105140473563,
            "成本": 4.662004662004662
        },
        "5": {
            "价值": 21.306878039900113,
            "成本": 11.863772899426552
        },
        "6": {
            "价值": 45.093447584521506,
            "成本": 23.786569544621393
        },
        "7": {
            "价值": 116.6321228911394,
            "成本": 71.53867530661789
        },
        "8": {
            "价值": 295.5184018147294,
            "成本": 178.88627892359
        },
        "9": {
            "价值": 927.583254011414,
            "成本": 632.0648521966847
        },
        "10": {
            "价值": 4837.150861461096,
            "成本": 3909.5676074496814
        },
        "11": {
            "价值": 15540.366607040489,
            "成本": 10703.215745579393
        },
        "12": {
            "价值": 46586.93290149384,
            "成本": 31046.56629445335
        },
        "13": {
            "价值": 185887.73658537655,
            "成本": 139300.80368388272
        },
        "14": {
            "价值": 636211.1893769861,
            "成本": 450323.45279160957
        },
        "15": {
            "价值": 2021821.8133511697,
            "成本": 1385610.6239741836
        },
        "16": {
            "价值": 8491146.366197055,
            "成本": 6469324.552845885
        }
    }
}