{
    "当前VIP等级": 12,
    "当前公会等级": 0,
    "最佳策略": {
        "1": "0→1 使用卡片:0 成功概率：1",
        "2": "1→2 使用卡片:0 成功概率：1",
        "3": "2→3 使用卡片:0 成功概率：0.71136",
        "4": "3→4 使用卡片:1 成功概率：0.50193",
        "5": "4→5 使用卡片:3 成功概率：0.47151",
        "6": "5→6 使用卡片:3 成功概率：0.23517",
        "7": "6→7 使用卡片:5 四叶草等级：1 成功概率：0.370656",
        "8": "7→8 使用卡片:6 四叶草等级：2 成功概率：0.3472559999999999",
        "9": "8→9 使用卡片:7 四叶草等级：2 成功概率：0.21621599999999996",
        "10": "9→10 使用卡片:9 四叶草等级：4 成功概率：0.3159",
        "11": "10→11 使用卡片:8 四叶草等级：3 成功概率：0.035801999999999994",
        "12": "11→12 使用卡片:9 四叶草等级：4 成功概率：0.03978",
        "13": "12→13 使用卡片:10 四叶草等级：5 成功概率：0.044927999999999996",
        "14": "13→14 使用卡片:12 四叶草等级：6 成功概率：0.12636",
        "15": "14→15 使用卡片:12 四叶草等级：6 成功概率：0.041067",
        "16": "15→16 使用卡片:13 四叶草等级：S 成功概率：0.0351"
    },
    "单张卡片的价值": {
        "1": {
            "价值": 2.0,
            "成本": 1.0
        },
        "2": {
            "价值": 3.0,
            "成本": 1.0
        },
        "3": {
            "价值": 4.405757984705353,
            "成本": 1.4057579847053532
        },
        "4": {
            "价值": 8.390377353940107,
            "成本": 3.984619369234754
        },
        "5": {
            "价值": 17.734310642110778,
            "成本": 9.343933288170671
        },
        "6": {
            "价值": 36.46866444874153,
            "成本": 18.73435380663075
        },
        "7": {
            "价值": 89.71024327684839,
            "成本": 53.24157882810687
        },
        "8": {
            "价值": 217.76753947544984,
            "成本": 128.05729619860145
        },
        "9": {
            "价值": 669.6778665412007,
            "成本": 451.91032706575095
        },
        "10": {
            "价值": 3194.7739936105286,
            "成本": 2525.096127069328
        },
        "11": {
            "价值": 10171.131165708453,
            "成本": 6976.357172097924
        },
        "12": {
            "价值": 30223.36511596488,
            "成本": 20052.23395025643
        },
        "13": {
            "价值": 112728.12815038726,
            "成本": 82504.76303442239
        },
        "14": {
            "价值": 368120.3813631514,
            "成本": 255392.25321276416
        },
        "15": {
            "价值": 1153942.6989408873,
            "成本": 785822.3175777359
        },
        "16": {
            "价值": 4598960.594963317,
            "成本": 3445017.896022429
        }
    }
}