{
    "当前VIP等级": 5,
    "当前公会等级": 5,
    "最佳策略": {
        "1": "0→1 使用卡片:0 成功概率：1",
        "2": "1→2 使用卡片:0 成功概率：1",
        "3": "2→3 使用卡片:0 成功概率：0.7113600000000001",
        "4": "3→4 使用卡片:1 成功概率：0.5019300000000001",
        "5": "4→5 使用卡片:3 成功概率：0.4715100000000001",
        "6": "5→6 使用卡片:3 成功概率：0.23517000000000005",
        "7": "6→7 使用卡片:5 四叶草等级：1 成功概率：0.3706560000000001",
        "8": "7→8 使用卡片:6 四叶草等级：2 成功概率：0.347256",
        "9": "8→9 使用卡片:7 四叶草等级：2 成功概率：0.21621600000000002",
        "10": "9→10 使用卡片:9 四叶草等级：4 成功概率：0.31590000000000007",
        "11": "10→11 使用卡片:8 四叶草等级：3 成功概率：0.035802",
        "12": "11→12 使用卡片:9 四叶草等级：4 成功概率：0.03978000000000001",
        "13": "12→13 使用卡片:10 四叶草等级：5 成功概率：0.044928",
        "14": "13→14 使用卡片:12 四叶草等级：6 成功概率：0.12636000000000003",
        "15": "14→15 使用卡片:12 四叶草等级：6 成功概率：0.041067000000000006",
        "16": "15→16 使用卡片:13 四叶草等级：S 成功概率：0.035100000000000006"
    },
    "单张卡片的价值": {
        "1": {
            "价值": 2.0,
            "成本": 1.0
        },
        "2": {
            "价值": 3.0,
            "成本": 1.0
        },
        "3": {
            "价值": 4.405757984705353,
            "成本": 1.405757984705353
        },
        "4": {
            "价值": 8.390377353940107,
            "成本": 3.984619369234753
        },
        "5": {
            "价值": 17.734310642110778,
            "成本": 9.34393328817067
        },
        "6": {
            "价值": 36.46866444874152,
            "成本": 18.734353806630747
        },
        "7": {
            "价值": 89.71024327684837,
            "成本": 53.24157882810685
        },
        "8": {
            "价值": 217.76753947544972,
            "成本": 128.05729619860136
        },
        "9": {
            "价值": 669.6778665412005,
            "成本": 451.9103270657508
        },
        "10": {
            "价值": 3194.773993610527,
            "成本": 2525.096127069327
        },
        "11": {
            "价值": 10171.131165708448,
            "成本": 6976.35717209792
        },
        "12": {
            "价值": 30223.365115964865,
            "成本": 20052.233950256417
        },
        "13": {
            "价值": 112728.1281503872,
            "成本": 82504.76303442234
        },
        "14": {
            "价值": 368120.3813631512,
            "成本": 255392.253212764
        },
        "15": {
            "价值": 1153942.6989408867,
            "成本": 785822.3175777354
        },
        "16": {
            "价值": 4598960.594963314,
            "成本": 3445017.896022427
        }
    }
}