{
    "当前VIP等级": 12,
    "当前公会等级": 3,
    "最佳策略": {
        "1": "0→1 使用卡片:0 成功概率：1",
        "2": "1→2 使用卡片:0 成功概率：1",
        "3": "2→3 使用卡片:0 成功概率：0.74176",
        "4": "3→4 使用卡片:1 成功概率：0.52338",
        "5": "4→5 使用卡片:3 成功概率：0.49166000000000004",
        "6": "5→6 使用卡片:3 成功概率：0.24522000000000002",
        "7": "6→7 使用卡片:5 四叶草等级：1 成功概率：0.386496",
        "8": "7→8 使用卡片:6 四叶草等级：2 成功概率：0.3620959999999999",
        "9": "8→9 使用卡片:7 四叶草等级：2 成功概率：0.225456",
        "10": "9→10 使用卡片:9 四叶草等级：4 成功概率：0.3294",
        "11": "10→11 使用卡片:8 四叶草等级：3 成功概率：0.03733199999999999",
        "12": "11→12 使用卡片:9 四叶草等级：4 成功概率：0.04148",
        "13": "12→13 使用卡片:10 四叶草等级：5 成功概率：0.046847999999999994",
        "14": "13→14 使用卡片:12 四叶草等级：6 成功概率：0.13176000000000002",
        "15": "14→15 使用卡片:12 四叶草等级：6 成功概率：0.042822",
        "16": "15→16 使用卡片:15 四叶草等级：SSS 成功概率：0.38649599999999995"
    },
    "单张卡片的价值": {
        "1": {
            "价值": 2.0,
            "成本": 1.0
        },
        "2": {
            "价值": 3.0,
            "成本": 1.0
        },
        "3": {
            "价值": 4.348144952545297,
            "成本": 1.3481449525452978
        },
        "4": {
            "价值": 8.169460249270431,
            "成本": 3.821315296725133
        },
        "5": {
            "价值": 17.013264814509206,
            "成本": 8.843804565238777
        },
        "6": {
            "价值": 34.744872972674514,
            "成本": 17.731608158165308
        },
        "7": {
            "价值": 83.93882275354989,
            "成本": 49.193949780875364
        },
        "8": {
            "价值": 201.98727667923401,
            "成本": 118.04845392568414
        },
        "9": {
            "价值": 609.7778112116922,
            "成本": 407.7905345324582
        },
        "10": {
            "价值": 2849.5404439126396,
            "成本": 2239.7626327009475
        },
        "11": {
            "价值": 9117.280631398819,
            "成本": 6267.74018748618
        },
        "12": {
            "价值": 26903.630949906343,
            "成本": 17786.350318507524
        },
        "13": {
            "价值": 98657.82416866999,
            "成本": 71754.19321876366
        },
        "14": {
            "价值": 318387.8708437333,
            "成本": 219730.0466750633
        },
        "15": {
            "价值": 994480.3221516204,
            "成本": 676092.4513078871
        },
        "16": {
            "价值": 3906676.8834397593,
            "成本": 2912196.561288139
        }
    }
}