{
    "当前VIP等级": 9,
    "当前公会等级": 5,
    "最佳策略": {
        "1": "0→1 使用卡片:0 成功概率：1",
        "2": "1→2 使用卡片:0 成功概率：1",
        "3": "2→3 使用卡片:0 成功概率：0.7478400000000001",
        "4": "3→4 使用卡片:1 成功概率：0.5276700000000001",
        "5": "4→5 使用卡片:3 成功概率：0.49569000000000013",
        "6": "5→6 使用卡片:3 成功概率：0.24723000000000006",
        "7": "6→7 使用卡片:5 四叶草等级：1 成功概率：0.3896640000000001",
        "8": "7→8 使用卡片:6 四叶草等级：2 成功概率：0.365064",
        "9": "8→9 使用卡片:7 四叶草等级：2 成功概率：0.22730400000000003",
        "10": "9→10 使用卡片:9 四叶草等级：4 成功概率：0.33210000000000006",
        "11": "10→11 使用卡片:8 四叶草等级：3 成功概率：0.037638",
        "12": "11→12 使用卡片:9 四叶草等级：4 成功概率：0.04182000000000001",
        "13": "12→13 使用卡片:10 四叶草等级：5 成功概率：0.047232",
        "14": "13→14 使用卡片:12 四叶草等级：6 成功概率：0.13284000000000004",
        "15": "14→15 使用卡片:12 四叶草等级：6 成功概率：0.043173",
        "16": "15→16 使用卡片:15 四叶草等级：SSS 成功概率：0.389664"
    },
    "单张卡片的价值": {
        "1": {
            "价值": 2.0,
            "成本": 1.0
        },
        "2": {
            "价值": 3.0,
            "成本": 1.0
        },
        "3": {
            "价值": 4.337184424475824,
            "成本": 1.3371844244758235
        },
        "4": {
            "价值": 8.12743211716254,
            "成本": 3.7902476926867164
        },
        "5": {
            "价值": 16.877224173641032,
            "成本": 8.74979205647849
        },
        "6": {
            "价值": 34.42033959036159,
            "成本": 17.543115416720557
        },
        "7": {
            "价值": 82.8652156210984,
            "成本": 48.44487603073681
        },
        "8": {
            "价值": 199.06494934001233,
            "成本": 116.19973371891392
        },
        "9": {
            "价值": 598.816892205507,
            "成本": 399.7519428654946
        },
        "10": {
            "价值": 2787.3651975518087,
            "成本": 2188.5483053463017
        },
        "11": {
            "价值": 8926.505144945728,
            "成本": 6139.13994739392
        },
        "12": {
            "价值": 26306.153452107537,
            "成本": 17379.64830716181
        },
        "13": {
            "价值": 96160.59953848559,
            "成本": 69854.44608637806
        },
        "14": {
            "价值": 309606.50026196893,
            "成本": 213445.90072348336
        },
        "15": {
            "价值": 966363.117872687,
            "成本": 656756.6176107181
        },
        "16": {
            "价值": 3782725.7222515545,
            "成本": 2816362.6043788674
        }
    }
}